Z;Atom;Refs.;State;Alpha;Year;Comments
1;H;[\citenum{Goldman1989}];$^2S$;$4.5$;1989;NR, exact
1;H;[\citenum{Goldman1989, Tang2012}];$^2S_{1/2}$;$4.49975145989$;2012;\makecell{R, Dirac, variational, Slater/B-splines \\(more digits are given in Ref.~\citenum{Tang2012})}
1;H;[\citenum{Tang2012}];$^2S_{1/2}$;$4.500170623$;2012;R, Dirac (as above), but with finite mass correction added for the $^1$H isotope
1;H;[\citenum{Filippin2014}];$^2S_{1/2}$;$4.4997519518$;2014;R, Dirac, Lagrange mesh method (more digits are given in this paper)
1;H;[\citenum{Schwerdtfeger2019}];$^2S_{1/2}$;$4.50711 \pm 0.00003$;2019;recommended
1;H;[\citenum{Li2024}];$^2S_{1/2}$;$4.511 \pm 0.004$;2024;NR, neural network QMC, DS (DeepSolid) method
2;He;[\citenum{Newell1965, Schooley1992}];$^1S_0$;$1.383746 \pm 0.000007$;1992;exp.
2;He;[\citenum{Pachucki2000}];$^1S_0$;$1.383191$;2000;R, Dirac, Breit-Pauli, QED, mass pol, correlated basis ($^4$He)
2;He;[\citenum{Lach2004b}];$^1S_0$;$1.38376079 \pm 0.00000023$;2004;\makecell{R, Dirac, Breit-Pauli, QED, mass pol, \\exponentially correlated Slater functions ($^4$He)}
2;He;[\citenum{Schmidt2007}];$^1S_0$;$1.383759 \pm 0.000013$;2007;exp.
2;He;[\citenum{Puchalski2016}];$^1S_0$;$1.3837295330 \pm 0.000000001$;2016;R, Dirac, Breit, QED, recoil, ... ($^4$He)
2;He;[\citenum{Gaiser2018}];$^1S_0$;$1.3837616 \pm 0.0000027$;2018;exp.
2;He;[\citenum{Schwerdtfeger2019}];$^1S_0$;$1.38375 \pm 0.00002$;2019;recommended
2;He;[\citenum{Puchalski2020}];$^1S_0$;$1.38376078 \pm 0.00000014$;2020;R, Dirac, Breit-Pauli, QED + finite nuclear size correction
3;Li;[\citenum{Molof1974}];$^2S_{1/2}$;$164.0 \pm 3.4$;1974;exp.
3;Li;[\citenum{Komasa2001, Lim1999}];$^2S$;$164.05$;2001;NR, exponentially correlated Gaussians [\citenum{{Singer1997}}] + R/DK
3;Li;[\citenum{Miffre2006a}];$^2S_{1/2}$;$164.2 \pm 1.1$;2006;exp.
3;Li;[\citenum{Zhang2007a}];$^2S_{1/2}$;$164.21$;2007;Frozen core Hamiltonian, semi-empirical polarisation potential
3;Li;[\citenum{Johnson2008}];$^2S_{1/2}$;$164.084$;2008;R, Dirac, MBPT, Breit, QED, recoil ($^7$Li)
3;Li;[\citenum{Puchalski2011}];$^2S_{1/2}$;$164.1125 \pm 0.0005$;2011;Hyleraas basis, RMW + Darwin + Breit, QED, recoil ($^7$Li)
3;Li;[\citenum{Schwerdtfeger2019}];$^2S_{1/2}$;$164.1125 \pm 0.0005$;2019;recommended
3;Li;[\citenum{Smialkowski2021}];$^2S_{1/2}$;$164.2$;2021;NR, CCSD(T)
3;Li;[\citenum{Badhan2022}];$^2S_{1/2}$;$162.00 \pm 0.24$;2022;R, Dirac-HF, pertubative singles + doubles method, RPA
3;Li;[\citenum{Li2024}];$^2S_{1/2}$;$165.0 \pm 0.1$;2024;NR, neural network QMC, DS (DeepSolid) method
4;Be;[\citenum{Müller1984}];$^1S_0$;$37.29$;1984;All-electron SCF plus valence CI
4;Be;[\citenum{Tunega1997}];$^1S_0$;$37.73 \pm 0.05$;1997;CCSD(T)
4;Be;[\citenum{Patil2000}];$^1S_0$;$37.9$;2000;Model potential
4;Be;[\citenum{Komasa2001}];$^1S$;$37.755$;2001;NR, exponentially correlated Gaussians [\citenum{Singer1997}]
4;Be;[\citenum{Mitroy2003}];$^1S_0$;$37.69$;2003;Combination of ab initio and semi-empirical methods
4;Be;[\citenum{Bendazzoli2004}];$^1S_0$;$37.807$;2004;CI, expanded London formula
4;Be;[\citenum{Porsev2006}];$^1S_0$;$37.76 \pm 0.22$;2006;R, Dirac, CI + MBPT2 + experimental data
4;Be;[\citenum{Komasa2001, Maroulis2006}];$^1S_0$;$37.739 \pm 0.030$;2006;R correction of -0.016 applied to value from ref [\citenum{Komasa2001}]
4;Be;[\citenum{Sahoo2008}];$^1S_0$;$37.80 \pm 0.47$;2008;R, Dirac, CCSD
4;Be;[\citenum{Singh2013}];$^1S_0$;$37.86 \pm 0.17$;2013;R, Dirac, MBPT, CCSD
4;Be;[\citenum{Jiang2015a, Cheng2013}];$^1S_0$;$37.73 \pm 0.04$;2015;Combination of theoretical (CICP) and experimental data
4;Be;[\citenum{A.Manz2019}];$^1S_0$;$37.75$;2019;NR, CCSD
4;Be;[\citenum{Visentin2019}];$^1S_0$;$37.69/37.71$;2019;CCSD(T), R X2C-0/NR-0
4;Be;[\citenum{Schwerdtfeger2019}];$--$;$37.74 \pm 0.03$;2019;recommended
4;Be;[\citenum{Smialkowski2021}];$^1S_0$;$37.7$;2021;NR, CCSD(T)
4;Be;[\citenum{Dong2021}];$^1S_0$;$37.614$;2021;R, MCDHF
4;Be;[\citenum{Wu2023}];$^1S_0$;$37.787$;2023;R, DF, CICP (CP: core polarization)
4;Be;[\citenum{Li2024}];$^1S_0$;$37.58 \pm 0.03$;2024;NR, neural network QMC, DS (DeepSolid) method
5;B;[\citenum{Werner1976}];$^2P$;$20.47$;1976;NR, PNO-CEPA, $M_L$ res.
5;B;[\citenum{Das1998}];$^2P$;$20.43 \pm 0.11$;1998;NR, CCSD(T), $M_L$ res.
5;B;[\citenum{Fleig2005}];$^2P$;$20.59$;2005;R, SF, MRCI, $M_L$ res.
5;B;[\citenum{Fleig2005}];$^2P_{1/2}/^2P_{3/2}$;$20.53/20.54$;2005;R, Dirac, MRCI, $M_J$ res.
5;B;[\citenum{A.Manz2019}];$^2P$;$20.42$;2019;NR, CCSD
5;B;[\citenum{Schwerdtfeger2019}];$--$;$20.5 \pm 0.1$;2019;recommended
5;B;[\citenum{Ehn2021}];$^2P$;$20.480$;2021;NR, CCSD(T), CBS(T, Q), CBS(Q, 5)
5;B;[\citenum{Wang2021}];$^2P$;$20.30 \pm 0.26$;2021;NR, CCSD(T)
6;C;[\citenum{Andersson1992}];$^3P$;$11.39$;1992;NR, CASPT2, $M_L$ res.
6;C;[\citenum{Das1998}];$^3P$;$11.67 \pm 0.07$;1998;NR, CCSD(T), $M_L$ res.
6;C;[\citenum{Thierfelder2008}];$^3P_0$;$11.26 \pm 0.20$;2008;R, Dirac + Gaunt, CCSD(T)
6;C;[\citenum{A.Manz2019}];$^3P$;$11.63$;2019;NR, CCSD
6;C;[\citenum{Schwerdtfeger2019}];$--$;$11.3 \pm 0.2$;2019;recommended
6;C;[\citenum{Wang2021}];$^3P$;$11.64 \pm 0.15$;2021;NR, CCSD(T)
6;C;[\citenum{Ehn2021}];$^3P$;$11.683$;2021;NR, CCSD(T), CBS(T, Q)
6;C;[\citenum{Ehn2021}];$^3P$;$11.324$;2021;NR, CCSD(T), CBS(Q, 5)
6;C;[\citenum{CanalNeto2021}];$^3P$;$11.542$;2021;R, CCSD(T)
6;C;[\citenum{Mori2023}];$^3P$;$11.61$;2023;R, CCC (convergent close-coupling method)
7;N;[\citenum{Molof1974, Alpher1959}];$^4S_{3/2}$;$7.6 \pm 0.4$;1974;exp.
7;N;[\citenum{Werner1976}];$^4S$;$7.43$;1976;NR, PNO-CEPA
7;N;[\citenum{Stiehler1995}];$^4S$;$7.36$;1995;NR, numerical MCSCF, M. res.
7;N;[\citenum{Das1998}];$^4S$;$7.26 \pm 0.05$;1998;NR, CCSD(T)
7;N;[\citenum{Roos2004}];$^4S$;$7.41$;2004;R, DK, CASPT2
7;N;[\citenum{Zeiss1977, Buchachenko2010}];$^4S_{3/2}$;$7.28$;2010;exp.
7;N;[\citenum{A.Manz2019}];$^4S$;$7.21$;2019;NR, CCSD
7;N;[\citenum{Schwerdtfeger2019}];$--$;$7.4 \pm 0.2$;2019;recommended
7;N;[\citenum{Visentin2020}];$^4S$;$7.2$;2020;AE, CCSD(T)
7;N;[\citenum{Wang2021}];$^4S$;$7.25 \pm 0.09$;2021;NR, CCSD(T)
7;N;[\citenum{Ehn2021}];$^4S$;$7.367$;2021;NR, CCSD(T), CBS(T, Q)
7;N;[\citenum{Ehn2021}];$^4S$;$7.153$;2021;NR, CCSD(T), CBS(Q, 5)
7;N;[\citenum{CanalNeto2021}];$^4S$;$7.178$;2021;R, CCSD(T)
7;N;[\citenum{Li2024}];$^4S$;$7.189 \pm 0.008$;2024;NR, neural network QMC, DS (DeepSolid) method
8;O;[\citenum{Alpher1959}];$^3P_2$;$5.2 \pm 0.4$;1959;exp.
8;O;[\citenum{Andersson1992}];$^3P$;$5.4$;1992;NR, CASPT2, $M_L$ res.
8;O;[\citenum{Werner1976, Lide2004}];$^3P$;$5.41 \pm 0.11$;2004;NR, PNO-CEPA, $M_L$ res.
8;O;[\citenum{Maroulis2006, Das1998}];$^3P$;$5.24 \pm 0.04$;2006;NR, CCSD(T), $M_L$ res.
8;O;[\citenum{A.Manz2019}];$^3P$;$5.15$;2019;NR, CCSD
8;O;[\citenum{Schwerdtfeger2019}];$--$;$5.3 \pm 0.2$;2019;recommended
8;O;[\citenum{Wang2021}];$^3P$;$5.21 \pm 0.07$;2021;NR, CCSD(T)
8;O;[\citenum{Ehn2021}];$^3P$;$5.145$;2021;NR, CCSD(T), CBS(T, Q)
8;O;[\citenum{Li2024}];$^3P$;$5.236 \pm 0.008$;2024;NR, neural network QMC, DS (DeepSolid) method
9;F;[\citenum{Werner1976}];$^2P$;$3.76$;1976;NR, PNO-CEPA, $M_L$ res.
9;F;[\citenum{Das1998}];$^2P$;$3.70 \pm 0.03$;1998;NR, CCSD(T), $M_L$ res.
9;F;[\citenum{MEDVEĎ2000a}];$^2P$;$3.76 \pm 0.06$;2000;NR, CASPT2, $M_L$ res.
9;F;[\citenum{A.Manz2019}];$^2P$;$3.62$;2019;NR, CCSD
9;F;[\citenum{Schwerdtfeger2019}];$--$;$3.74 \pm 0.08$;2019;recommended
9;F;[\citenum{Wang2021}];$^2P$;$3.68 \pm 0.05$;2021;NR, CCSD(T)
9;F;[\citenum{Ehn2021}];$^2P$;$3.701$;2021;NR, CCSD(T), CBS(T, Q)
9;F;[\citenum{Ehn2021}];$^2P$;$3.655$;2021;NR, CCSD(T), CBS(Q, 5)
9;F;[\citenum{Li2024}];$^2P$;$3.776 \pm 0.007$;2024;NR, neural network QMC, DS (DeepSolid) method
10;Ne;[\citenum{Werner1976}];$^1S$;$2.676$;1976;NR, PNNO-CEPA, $M_L$ res.
10;Ne;[\citenum{Huot1991}];$^1S_0$;$2.6669 \pm 0.0008$;1991;exp.
10;Ne;[\citenum{Rice1992}];$^1S$;$2.68$;1992;NR, CCSD(T)
10;Ne;[\citenum{Dalgarno1997b}];$^1S_0$;$2.663$;1997;exp.
10;Ne;[\citenum{Soldán2001a}];$^1S_0$;$2.66053 \pm 0.00001$;2001;CCSD(T), ECP
10;Ne;[\citenum{Hald2003}];$^1S$;$2.665$;2003;NR, CC3
10;Ne;[\citenum{Hald2003, Larsen1999, Nakajima2001}];$^1S$;$2.666$;2003;R, CC3 + FCI + DK3 correction
10;Ne;[\citenum{Maroulis2006}];$^1S_0$;$2.661 \pm 0.005$;2006;R, CCSD(T)
10;Ne;[\citenum{Gaiser2010}];$^1S_0$;$2.66110 \pm 0.00003$;2010;exp.
10;Ne;[\citenum{Chattopadhyay2012a, Orcutt1967}];$^1S_0$;$2.677 \pm 0.070$;2012;R, Dirac-Coulomb, non-linear PRCC
10;Ne;[\citenum{Gaiser2018}];$^1S_0$;$2.6610570 \pm 0.0000064$;2018;exp.
10;Ne;[\citenum{Schwerdtfeger2019}];$--$;$2.66110 \pm 0.00003$;2019;recommended
10;Ne;[\citenum{Lesiuk2020}];$^1S_0$;$2.66080 \pm 0.00036$;2020;R, QED, AE-CCSD(T), finite nucl. mass \& size corrections
10;Ne;[\citenum{Wang2021}];$^1S$;$2.662 \pm 0.034$;2021;NR, CCSD(T)
10;Ne;[\citenum{Hellmann2022}];$^1S_0$;$2.661067 \pm 0.000077$;2022;R, QED, AE-CCSDT(Q), finite nucl. mass \& size corrections
10;Ne;[\citenum{Mori2023}];$^1S_0$;$2.661 \pm 0.005$;2023;R, CCSD(T)
11;Na;[\citenum{Ekstrom1995}];$^2S_{1/2}$;$162.7 \pm 0.5$;1995;exp.
11;Na;[\citenum{Derevianko1999}];$^2S_{1/2}$;$162.6 \pm 0.3$;1999;R, SD all orders + exp. data
11;Na;[\citenum{Maroulis2006, Thakkar2005}];$^2S_{1/2}$;$162.88 \pm 0.60$;2006;R, CCSD(T)
11;Na;[\citenum{Holmgren2010}];$^2S_{1/2}$;$162.7 \pm 0.1/ \pm 1.2$;2010;exp.
11;Na;[\citenum{Ma2015}];$^2S_{1/2}$;$161 \pm 7.5$;2015;exp.
11;Na;[\citenum{Schwerdtfeger2019}];$--$;$162.7 \pm 0.5$;2019;recommended
11;Na;[\citenum{Smialkowski2021}];$^2S_{1/2}$;$163.9$;2021;NR, CCSD(T)
11;Na;[\citenum{Badhan2022}];$^2S_{1/2}$;$162.44 \pm 0.16$;2022;R, Dirac-HF, pertubative singles + doubles method, RPA
12;Mg;[\citenum{Lundin1973}];$^1S_0$;$71.5 \pm 3.5$;1973;exp.
12;Mg;[\citenum{Reinsch1976}];$^1S$;$71.32$;1976;NR, PNO-CEPA
12;Mg;[\citenum{Maeder1979}];$^1S_0$;$70.5$;1979;NR, CI + pseudo-potential
12;Mg;[\citenum{Archibong1991}];$^1S$;$71.7$;1991;NR, MBPT4
12;Mg;[\citenum{Sadlej1991a}];$^1S$;$71.8$;1991;NR, MBPT4
12;Mg;[\citenum{Stwalley1971, Stiehler1995}];$^1S_0$;$75.0 \pm 3.5$;1995;exp.
12;Mg;[\citenum{Derevianko1999}];$^1S_0$;$74.9 \pm 2.7$;1999;Hybrid-RCI + MBPT sum rule
12;Mg;[\citenum{Patil2000}];$^1S_0$;$72.0$;2000;Model potential
12;Mg;[\citenum{Bromley2002}];$^1S_0$;$71.4$;2002;CI, oscillator strength correction
12;Mg;[\citenum{Mitroy2003}];$^1S_0$;$71.35$;2003;Combination of ab initio and semi-empirical methods
12;Mg;[\citenum{Roos2004a}];$^1S$;$70.90$;2004;R, DK, CASPT2
12;Mg;[\citenum{Porsev2006, Porsev2006a}];$^1S_0$;$70.89$;2006;R, Dirac, CI + MBPT2 + experimental data
12;Mg;[\citenum{Maroulis2006}];$^1S_0$;$71.22 \pm 0.36$;2006;R, DK, CCSD(T)
12;Mg;[\citenum{Porsev2006}];$^1S_0$;$71.33$;2006;R, Dirac, CI + MBPT2
12;Mg;[\citenum{Porsev2006}];$^1S_0$;$71.3 \pm 0.7$;2006;R, Dirac, CI + MBPT2, recommended
12;Mg;[\citenum{Sahoo2008}];$^1S_0$;$73.4 \pm 2.3$;2008;R, Dirac, CCSD
12;Mg;[\citenum{Hohm2012}];$^1S_0$;$77.6 \pm 7.8$;2012;exp.
12;Mg;[\citenum{Singh2013}];$^1S_0$;$72.54 \pm 0.50$;2013;R, Dirac, MBPT, CCSD
12;Mg;[\citenum{Chattopadhyay2014}];$^1S_0$;$70.76$;2014;\makecell{R, Dirac + Breit, perturbed relativistic \\coupled-cluster theory (PRCC)}
12;Mg;[\citenum{Ma2015}];$^1S_0$;$59 \pm 16$;2015;exp.
12;Mg;[\citenum{Visentin2019}];$^1S_0$;$71.15/71.63$;2019;CCSD(T), R X2C-0/NR-0
12;Mg;[\citenum{Visentin2019}];$^1S_0$;$71.02/71.01$;2019;CCSD(T), R X2C-2/NR-2
12;Mg;[\citenum{Bala2019}];$^1S_0$;$73.0$;2019;R, KRCISD/aug-QZ
12;Mg;[\citenum{Schwerdtfeger2019}];$--$;$71.2 \pm 0.4$;2019;recommended
12;Mg;[\citenum{Shukla2020}];$^1S_0$;$71.9$;2020;R, MCDF
12;Mg;[\citenum{CanalNeto2021}];$^1S_0$;$72.121$;2021;R, CCSD(T)
12;Mg;[\citenum{Neto2021}];$^1S_0$;$71.643$;2021;R, CCSD(T)
12;Mg;[\citenum{Smialkowski2021}];$^1S_0$;$71.5$;2021;NR, CCSD(T)
12;Mg;[\citenum{Sarkisov2022}];$^1S_0$;$81 \pm 17$;2022;exp.
13;Al;[\citenum{Stwalley1971}];$^2P$;$62.0$;1971;NR, numerical MCSCF, $M_L$ res.
13;Al;[\citenum{Reinsch1976}];$^2P$;$56.27$;1976;NR, PNO-CEPA
13;Al;[\citenum{Hibbert1980}];$^2P$;$59.47$;1980;NR, MRCI
13;Al;[\citenum{Milani1990}][92];$^2P$;$46 \pm 2$;1990;exp. (see also ref [\citenum{{Ma2015}}])
13;Al;[\citenum{Chu2004}];$^2P$;$61.0$;2004;SIC-DFT
13;Al;[\citenum{Fuentealba2004}];$^2P$;$58.0 \pm 0.4$;2004;CCSD(T)
13;Al;[\citenum{Lupinetti2005}];$^2P$;$57.74$;2005;NR, CCSD(T), $M_L$ res.
13;Al;[\citenum{Fleig2005}];$^2P$;$55.5$;2005;R, SF, MRCI, $M_L$ res.
13;Al;[\citenum{Fleig2005}];$^2P_{1/2}/^2P_{3/2}$;$55.4 \pm 2.2/55.9 \pm 2.2$;2005;R, Dirac, MRCI, $M_J$ res.
13;Al;[\citenum{Maroulis2006}];$^2P$;$57.79 \pm 0.30$;2006;R, DK, CCSD(T)
13;Al;[\citenum{Buchachenko2010c}];$^2P_{1/2}/^2P_{3/2}$;$57.8 \pm 1.0/58.0 \pm 1.0$;2010;SI-SOCI, $M_L$ res.
13;Al;[\citenum{Hohm2012, Sarkisov2006}];$^2P$;$55.3 \pm 5.5$;2012;exp.
13;Al;[\citenum{Gould2016b}];$^2P$;$58.3$;2016;SIC-DFT (RXH)
13;Al;[\citenum{A.Manz2019}];$^2P$;$57.85$;2019;NR, CCSD
13;Al;[\citenum{Schwerdtfeger2019}];$--$;$57.8 \pm 1.0$;2019;recommended
13;Al;[\citenum{CanalNeto2021}];$^2P$;$58.089$;2021;R, CCSD(T)
13;Al;[\citenum{Neto2021}];$^2P$;$48.455$;2021;R, CCSD(T)
13;Al;[\citenum{Kumar2022}];$^2P_{1/2}/^2P_{3/2}$;$58.8 \pm 1.2/64.7 \pm 1.3$;2022;R, Breit+QED, CCSD
13;Al;[\citenum{Sarkisov2022}];$^2P$;$54 \pm 11$;2022;exp.
13;Al;[\citenum{Chen2022a}];$^2P$;$54.9 \pm 5.3$;2022;exp.
13;Al;[\citenum{Wang2021, Wang2023b}];$^2P$;$47.69 \pm 0.82$;2023;NR, CCSD(T)
14;Si;[\citenum{Reinsch1976}];$^3P$;$36.32$;1976;NR, PNO-CEPA, $M_L$ res.
14;Si;[\citenum{Hibbert1980}];$^3P$;$36.95$;1980;NR, MRCI
14;Si;[\citenum{Andersson1992}];$^3P$;$36.54$;1992;NR, CASPT2, $M_L$ res.
14;Si;[\citenum{Stiehler1995}];$^3P$;$38.8$;1995;NR, numerical MCSCF, $M_L$ res.
14;Si;[\citenum{Maroulis2003}];$^3P$;$37.4 \pm 0.1$;2003;NR, CCSD(T), $M_L$ res.
14;Si;[\citenum{Chu2004}];$^3P$;$38.9$;2004;SIC-DFT
14;Si;[\citenum{Lupinetti2005}];$^3P$;$37.17 \pm 0.21$;2005;NR, CCSD(T), $M_L$ res.
14;Si;[\citenum{Thierfelder2008}];$^3P_0$;$37.31 \pm 0.70$;2008;R, Dirac + Gaunt, CCSD(T)
14;Si;[\citenum{Gould2016b}];$^3P$;$37.8$;2016;SIC-DFT (RXH)
14;Si;[\citenum{A.Manz2019}];$^3P$;$37.16$;2019;NR, CCSD
14;Si;[\citenum{Schwerdtfeger2019}];$--$;$37.3 \pm 0.7$;2019;recommended
14;Si;[\citenum{Wang2021}];$^3P$;$36.90 \pm 0.63$;2021;NR, CCSD(T)
14;Si;[\citenum{CanalNeto2021}];$^3P$;$36.803$;2021;R, CCSD(T)
15;P;[\citenum{Reinsch1976}];$^4S$;$24.7 \pm 0.5$;1976;NR, PNO-CEPA
15;P;[\citenum{Andersson1992}];$^4S$;$24.6 \pm 0.2$;1992;NR, CASPT2
15;P;[\citenum{Stiehler1995}];$^4S$;$25.5$;1995;NR, numerical MCSCF, $M_L$ res.
15;P;[\citenum{Roos2004}];$^4S$;$24.9$;2004;R, DK, CASPT2
15;P;[\citenum{Chu2004}];$^4S$;$26.11$;2004;SIC-DFT
15;P;[\citenum{Lupinetti2005}];$^4S$;$24.93 \pm 0.15$;2005;NR, CCSD(T)
15;P;[\citenum{Buchachenko2010}];$^4S$;$25.06$;2010;R, DK, CASPT2
15;P;[\citenum{Gould2016b}];$^4S$;$25.3$;2016;SIC-DFT (RXH)
15;P;[\citenum{A.Manz2019}];$^4S$;$24.88$;2019;NR, CCSD
15;P;[\citenum{Schwerdtfeger2019}];$--$;$25 \pm 1$;2019;recommended
15;P;[\citenum{Visentin2020}];$^4S$;$25.0$;2020;AE, CCSD(T)
15;P;[\citenum{Wang2021}];$^4S$;$24.95 \pm 0.43$;2021;NR, CCSD(T)
15;P;[\citenum{CanalNeto2021}];$^4S$;$24.980$;2021;R, CCSD(T)
16;S;[\citenum{Reinsch1976}];$^3P$;$19.60$;1976;NR, PNO-CEPA, $M_L$ res.
16;S;[\citenum{Andersson1992}];$^3P$;$19.6$;1992;NR, CASPT2, $M_L$ res.
16;S;[\citenum{MEDVEĎ2000a}];$^3P$;$19.6$;2000;NR, CASPT2, $M_L$ res.
16;S;[\citenum{Chu2004}];$^3P$;$19.72$;2004;SIC-DFT
16;S;[\citenum{Lupinetti2005}];$^3P$;$19.37 \pm 0.12$;2005;NR, CCSD(T), $M_L$ res.
16;S;[\citenum{A.Manz2019}];$^3P$;$19.22$;2019;NR, CCSD(T)
16;S;[\citenum{Schwerdtfeger2019}];$--$;$19.4 \pm 0.1$;2019;recommended
16;S;[\citenum{Wang2021}];$^3P$;$19.38 \pm 0.33$;2021;NR, CCSD(T)
17;Cl;[\citenum{Reinsch1976}];$^2P$;$14.71$;1976;NR, PNO-CEPA, $M_L$ res.
17;Cl;[\citenum{Andersson1992}];$^2P$;$14.6$;1992;NR, CASPT2, $M_L$ res.
17;Cl;[\citenum{MEDVEĎ2000a}];$^2P$;$14.73$;2000;NR, CASPT2, $M_L$ res.
17;Cl;[\citenum{Chu2004}];$^2P$;$14.7$;2004;SIC-DFT
17;Cl;[\citenum{Lupinetti2005}];$^2P$;$14.57 \pm 0.10$;2005;NR, CCSD(T), $M_L$ res.
17;Cl;[\citenum{Schwerdtfeger2019}];$--$;$14.6 \pm 0.1$;2019;recommended
17;Cl;[\citenum{Wang2021}];$^2P$;$14.59 \pm 0.25$;2021;NR, CCSD(T)
17;Cl;[\citenum{CanalNeto2021}];$^2P$;$14.582$;2021;R, CCSD(T)
18;Ar;[\citenum{Newell1965}];$^1S_0$;$11.083 \pm 0.002$;1965;exp.
18;Ar;[\citenum{Orcutt1967}];$^1S_0$;$11.081 \pm 0.005$;1967;exp.
18;Ar;[\citenum{Langhoff1969}];$^1S_0$;$11.091$;1969;exp.
18;Ar;[\citenum{Reinsch1976}];$^1S$;$11.10$;1976;NR, PNO-CEPA
18;Ar;[\citenum{Hohm1990, Johnston1960}];$^1S_0$;$11.070 \pm 0.007$;1990;exp.
18;Ar;[\citenum{Dalgarno1997b}];$^1S_0$;$11.080$;1997;exp.
18;Ar;[\citenum{Soldán2001a}];$^1S$;$11.08401 \pm 0.00004$;2001;NR, CCSD(T)
18;Ar;[\citenum{Nakajima2001, Soldán2001a}];$^1S$;$11.10$;2001;R, CCSD(T) + DK3 correction
18;Ar;[\citenum{Roos2004}];$^1S$;$11.1$;2004;R, DK, CASPT2
18;Ar;[\citenum{Maroulis2006}];$^1S_0$;$11.078 \pm 0.010$;2006;exp.
18;Ar;[\citenum{Maroulis2006, Hohm2012, Lupinetti2005}];$^1S$;$11.085 \pm 0.060$;2012;R, CCSD(T)
18;Ar;[\citenum{Singh2013}];$^1S$;$11.089 \pm 0.004$;2013;R, CCSD(T)
18;Ar;[\citenum{Gaiser2018}];$^1S_0$;$11.07718 \pm 0.00064$;2018;exp.
18;Ar;[\citenum{Schwerdtfeger2019}];$--$;$11.083 \pm 0.007$;2019;recommended
18;Ar;[\citenum{Wang2021}];$^1S$;$11.08 \pm 0.19$;2021;NR, CCSD(T)
18;Ar;[\citenum{Lesiuk2023}];$^1S$;$11.0775 \pm 0.0019$;2023;\makecell{R, DKH2, CCSD(T) + Breit-Pauli \\+ QED + finite nuclear mass and size}
19;K;[\citenum{Molof1974}];$^2S_{1/2}$;$292.9 \pm 6.1$;1974;exp.
19;K;[\citenum{Derevianko1999}];$^2S_{1/2}$;$289.1$;1999;RLCCSD
19;K;[\citenum{Derevianko1999}];$^2S_{1/2}$;$290.2 \pm 0.8$;1999;R, SD all orders + exp. data for electronic transitions
19;K;[\citenum{Mitroy2003}];$^2S_{1/2}$;$290.0$;2003;Combination of ab initio and semi-empirical methods
19;K;[\citenum{Lim2005}];$^2S$;$291.1 \pm 1.5$;2005;R, DK, CCSD(T), AE
19;K;[\citenum{Derevianko2010}];$^2S_{1/2}$;$290.2$;2010;Combination of theoretical and experimental data
19;K;[\citenum{Holmgren2010}];$^2S_{1/2}$;$290.6 \pm 1.4$;2010;exp. (for hyperfine effects see ref [\citenum{{Jiang2013}}])
19;K;[\citenum{Jiang2013}];$^2S_{1/2}$;$290.05$;2013;Oscillator-strength sum rule
19;K;[\citenum{Gregoire2015, Gregoire2016}];$^2S_{1/2}$;$289.7 \pm 0.3$;2016;exp.
19;K;[\citenum{Schwerdtfeger2019}];$--$;$289.7 \pm 0.3$;2019;recommended
19;K;[\citenum{Smialkowski2021}];$^2S_{1/2}$;$289.6$;2021;SR, CCSD(T), ECP
19;K;[\citenum{Badhan2022}];$^2S_{1/2}$;$290.30 \pm 0.23$;2022;R, Dirac-HF, pertubative singles + doubles method, RPA
20;Ca;[\citenum{Maeder1979}];$^1S$;$153.7$;1979;NR, CI + pseudo-potential
20;Ca;[\citenum{Sadlej1991}];$^1S$;$152.0$;1991;R, MVD, CCSD + T
20;Ca;[\citenum{Archibong1991}];$^1S$;$157$;1991;NR, MBPT4
20;Ca;[\citenum{Porsev2002}];$^1S_0$;$160$;2002;R, CI+MBPT
20;Ca;[\citenum{Bromley2002}];$^1S$;$158.6$;2002;CI, oscillator strength correction
20;Ca;[\citenum{Mitroy2003}];$^1S$;$159.4$;2003;Combination of ab initio and semi-empirical methods
20;Ca;[\citenum{Moszynski2003}];$^1S_0$;$155.3/157.7$;2003;CCSD R/NR
20;Ca;[\citenum{Roos2004a}];$^1S$;$163$;2004;R, DK, CASPT2
20;Ca;[\citenum{Lim2004}];$^1S_0$;$158.0$;2004;R, DK + SO, CCSD(T)
20;Ca;[\citenum{Lide2004, Schwartz1974}];$^1S_0$;$169 \pm 17$;2004;exp.
20;Ca;[\citenum{Porsev2006, Porsev2006a}];$^1S_0$;$155.9$;2006;R, Dirac, CI + MBPT2 + experimental data
20;Ca;[\citenum{Porsev2006}];$^1S_0$;$157.1 \pm 1.3$;2006;Hybrid-RCI + MBPT sum rule + experimental data
20;Ca;[\citenum{Porsev2006}];$^1S_0$;$159.0$;2006;R, Dirac, CI + MBPT
20;Ca;[\citenum{Maroulis2006}];$^1S_0$;$157.9 \pm 0.8$;2006;R, DK, CCSD(T)
20;Ca;[\citenum{Sahoo2008}];$^1S_0$;$154.58$;2008;R, Dirac, coupled cluster
20;Ca;[\citenum{Sahoo2008}];$^1S_0$;$154.6 \pm 5.4$;2008;R, Dirac, CCSD
20;Ca;[\citenum{Mitroy2008}];$^1S_0$;$154.7$;2008;ab initio + experimental data
20;Ca;[\citenum{Derevianko2010}];$^1S_0$;$157.1$;2010;Combination of theoretical and experimental data
20;Ca;[\citenum{Singh2013}];$^1S_0$;$157.03 \pm 0.80$;2013;R, Dirac, MBPT, CCSD
20;Ca;[\citenum{Chattopadhyay2014}];$^1S_0$;$160.77$;2014;\makecell{R, Dirac + Breit, perturbed relativistic \\coupled-cluster theory (PRCC)}
20;Ca;[\citenum{Visentin2019}];$^1S_0$;$156.10$;2019;CCSD(T), ECP
20;Ca;[\citenum{Visentin2019}];$^1S_0$;$157.61/159.81$;2019;CCSD(T), R X2C-10/NR-10
20;Ca;[\citenum{Bala2019}];$^1S_0$;$157.5$;2019;R, KRCISD/aug-QZ
20;Ca;[\citenum{Schwerdtfeger2019}];$--$;$160.8 \pm 4.0$;2019;recommended
20;Ca;[\citenum{Shukla2020}];$^1S_0$;$158.2$;2020;R, MCDF
20;Ca;[\citenum{Smialkowski2021}];$^1S_0$;$156.2$;2021;SR, CCSD(T), ECP
20;Ca;[\citenum{Zhang2023}];$^1S_0$;$159.43 \pm 0.97$;2023;R, CI+MBPT
21;Sc;[\citenum{Chandler1987, Glass1983}];$^2D^{,3d1}$;$107.1$;1987;NR, small CI, VPA
21;Sc;[\citenum{Glass1983, Glass1987}];$^2D^{,3d1}$;$138.8$;1987;NR, small CI, VPA
21;Sc;[\citenum{Pou-Amérigo1995}];$^2D^{,3d1}$;$142 \pm 21$;1995;NR, MCPF
21;Sc;[\citenum{Torrens2002}];$^2D^{,3d1}$;$114.00$;2002;Interacting-induced-dipoles polarisation model
21;Sc;[\citenum{Lide2004, Doolen1987}];$^2D_{3/2}^{,3d1}$;$120 \pm 30$;2004;R, Dirac, LDA
21;Sc;[\citenum{Kłos2005a}];$^2D_{3/2}^{,3d1}$;$121 \pm 12$;2005;R, DK, MRCI
21;Sc;[\citenum{Chu2005}];$^2D^{,3d1}$;$105.88$;2005;TD-DFT
21;Sc;[\citenum{Xi-Bo2009}];$^2D^{,3d1}$;$115.46$;2009;DFT
21;Sc;[\citenum{Ma2015}];$^2D^{,3d1}$;$97.2 \pm 9.5$;2015;exp.
21;Sc;[\citenum{Gould2016a}];$^2D^{,3d1}$;$123$;2016;TD-DFT (LEXX)
21;Sc;[\citenum{Chu2004, Gould2016b}];$^2D_{3/2}^{,3d1}$;$106.0$;2016;SIC-DFT (RXH)
21;Sc;[\citenum{Gould2016b}];$^2D^{,3d1}$;$134.6$;2016;TD-DFT (PGG)
21;Sc;[\citenum{A.Manz2019}];$^2D^{,3d1}$;$125.84$;2019;NR, CCSD
21;Sc;[\citenum{Szarek2019}];$^2D_{3/2}^{,3d1}$;$138.39$;2019;R, CCSD(T)/ANO-RCC
21;Sc;[\citenum{Schwerdtfeger2019}];$--$;$97 \pm 10$;2019;recommended
22;Ti;[\citenum{Chandler1987}];$^3F^{,3d2}$;$91.8$;1987;NR, small CI, VPA
22;Ti;[\citenum{Chandler1987}];$^3F^{,3d2}$;$91.4$;1987;NR, small CI, VPA
22;Ti;[\citenum{Pou-Amérigo1995}];$^3F^{,3d2}$;$114 \pm 17$;1995;NR, MCPF
22;Ti;[\citenum{Lide2004, Doolen1987}];$^3F_2^{,3d2}$;$99 \pm 25$;2004;R, Dirac, LDA
22;Ti;[\citenum{Chu2004}];$^3F^{,3d2}$;$85.7$;2004;SIC-DFT
22;Ti;[\citenum{Kłos2005a}];$^3F_2^{,3d2}$;$102 \pm 10$;2005;R, DK, MRCI
22;Ti;[\citenum{Chu2005}];$^3F^{,3d2}$;$94.69$;2005;TD-DFT
22;Ti;[\citenum{Ma2015}];$^3F_2^{,3d2}$;$63.4 \pm 3.4$;2015;exp.
22;Ti;[\citenum{Gould2016a}];$^3F,3d^2$;$102$;2016;TD-DFT (LEXX)
22;Ti;[\citenum{Gould2016b}];$^3F,3d^2$;$89.4$;2016;SIC-DFT (RXH)
22;Ti;[\citenum{Gould2016b}];$^3F,3d^2$;$111.4$;2016;TD-DFT (PGG)
22;Ti;[\citenum{A.Manz2019}];$^3F,3d^2$;$86.92$;2019;NR, CCSD
22;Ti;[\citenum{Szarek2019}];$^3F,3d^2$;$104.01$;2019;R, CCSD(T)/ANO-RCC
22;Ti;[\citenum{Schwerdtfeger2019}];$--$;$100 \pm 10$;2019;recommended
22;Ti;[\citenum{CanalNeto2021}];$^3F,3d^2$;$106.22$;2021;R, CCSD(T)
22;Ti;[\citenum{Neto2021}];$^3F,3d^2$;$98.373$;2021;R, CCSD(T)
22;Ti;[\citenum{Eustice2023}];$^3F_4,3d^2$;$100.4 \pm 1.8$;2023;R, Dirac-HF, CI + all-order
23;V;[\citenum{Chandler1987}];$^4F,3d^3$;$80.6$;1987;NR, small CI, VPA
23;V;[\citenum{Chandler1987}];$^4F,3d^3$;$84.6$;1987;NR, small CI, VPA
23;V;[\citenum{Pou-Amérigo1995}];$^4F,3d^3$;$97 \pm 15$;1995;NR, MCPF
23;V;[\citenum{Lide2004, Doolen1987}];$^4F_{3/2},3d^3$;$84 \pm 21$;2004;R, Dirac, LDA
23;V;[\citenum{Chu2004}];$^4F,3d^3$;$72.8$;2004;SIC-DFT
23;V;[\citenum{Kłos2005a}];$^4F_{3/2},3d^3$;$87.3 \pm 8.7$;2005;R, DK, MRCI
23;V;[\citenum{Ma2015}];$^4F_{3/2},3d^3$;$68.2 \pm 5.4$;2015;exp.
23;V;[\citenum{Gould2016a}];$^4F,3d^3$;$87.3$;2016;TD-DFT (LEXX)
23;V;[\citenum{Gould2016b}];$^4F,3d^3$;$78.2$;2016;SIC-DFT (RXH)
23;V;[\citenum{Gould2016b}];$^4F,3d^3$;$96.2$;2016;TD-DFT (PGG)
23;V;[\citenum{A.Manz2019}];$^4F,3d^3$;$86.85$;2019;NR, CCSD
23;V;[\citenum{Szarek2019}];$^4F,3d^3$;$94.30$;2019;R, CCSD(T)/ANO-RCC
23;V;[\citenum{Schwerdtfeger2019}];$--$;$87 \pm 10$;2019;recommended
23;V;[\citenum{CanalNeto2021}];$^4F,3d^3$;$90.298$;2021;R, CCSD(T)
23;V;[\citenum{Neto2021}];$^4F,3d^3$;$86.798$;2021;R, CCSD(T)
24;Cr;[\citenum{Pou-Amérigo1995}];$^7S,3d^5$;$95 \pm 15$;1995;NR, MCPF
24;Cr;[\citenum{Lide2004, Doolen1987}];$^7S_3,3d^5$;$78 \pm 20$;2004;R, Dirac, LDA
24;Cr;[\citenum{Chu2004}];$^7S,3d^5$;$60.7$;2004;SIC-DFT
24;Cr;[\citenum{Roos2005}];$^7S_3,3d^5$;$78.4 \pm 7.8$;2005;DK, CASPT2
24;Cr;[\citenum{Buchachenko2010}];$^7S_3,3d^5$;$83.2$;2010;R, CCSD(T)
24;Cr;[\citenum{Ma2015}];$^7S_3,3d^5$;$60 \pm 24$;2015;exp.
24;Cr;[\citenum{Gould2016a}];$^7S_3,3d^5$;$78.4$;2016;TD-DFT (LEXX)
24;Cr;[\citenum{Gould2016b}];$^7S_3,3d^5$;$70.4$;2016;TD-DFT (PGG)
24;Cr;[\citenum{Gould2016b}];$^7S_3,3d^5$;$69.8$;2016;SIC-DFT (RXH)
24;Cr;[\citenum{A.Manz2019}];$^7S,3d^5$;$87.77$;2019;NR, CCSD
24;Cr;[\citenum{Szarek2019}];$^7S,3d^5$;$96.20$;2019;R, CCSD(T)/ANO-RCC
24;Cr;[\citenum{Schwerdtfeger2019}];$--$;$83 \pm 12$;2019;recommended
25;Mn;[\citenum{Chandler1987}];$^6S,3d^5$;$65.4$;1987;NR, small CI, VPA
25;Mn;[\citenum{Pou-Amérigo1995}];$^6S,3d^5$;$76 \pm 11$;1995;NR, MCPF
25;Mn;[\citenum{Lide2004, Doolen1987}];$^6S_{5/2},3d^5$;$63 \pm 16$;2004;R, Dirac, LDA
25;Mn;[\citenum{Chu2004}];$^6S,3d^5$;$56.8$;2004;SIC-DFT
25;Mn;[\citenum{Roos2005}];$^6S_{5/2},3d^5$;$66.8 \pm 6.7$;2005;DK, CASPT2
25;Mn;[\citenum{Buchachenko2010}];$^6S_{5/2},3d^5$;$68.5$;2010;R, CCSD(T)
25;Mn;[\citenum{Gould2016a}];$^6S,3d^5$;$66.8$;2016;TD-DFT (LEXX)
25;Mn;[\citenum{Gould2016b}];$^6S,3d^5$;$76.3$;2016;TD-DFT (PGG)
25;Mn;[\citenum{Gould2016b}];$^6S,3d^5$;$63.1$;2016;SIC-DFT (RXH)
25;Mn;[\citenum{A.Manz2019}];$^6S_{5/2},3d^5$;$83.98$;2019;NR, CCSD
25;Mn;[\citenum{Szarek2019}];$^6S_{5/2},3d^5$;$73.55$;2019;R, CCSD(T)/ANO-RCC
25;Mn;[\citenum{Schwerdtfeger2019}];$--$;$68 \pm 9$;2019;recommended
25;Mn;[\citenum{CanalNeto2021}];$^6S,3d^5$;$70.154$;2021;R, CCSD(T)
25;Mn;[\citenum{Neto2021}];$^6S,3d^5$;$63.476$;2021;R, CCSD(T)
26;Fe;[\citenum{Chandler1987}];$^5D,3d^6$;$58.4$;1987;NR, small CI, VPA
26;Fe;[\citenum{Pou-Amérigo1995}];$^5D,3d^6$;$63.93$;1995;NR, MCPF
26;Fe;[\citenum{Lide2004, Doolen1987}];$^5D_4,3d^6$;$57 \pm 14$;2004;R, Dirac, LDA
26;Fe;[\citenum{Chu2004}];$^5D_4,3d^6$;$54.4$;2004;SIC-DFT
26;Fe;[\citenum{Calaminici2004}];$^5D,3d^6$;$62.65$;2004;NR, DFT, GGA(PW86)
26;Fe;[\citenum{Gould2016a}];$^5D_4,3d^6$;$60.4$;2016;TD-DFT (LEXX)
26;Fe;[\citenum{Gould2016b}];$^5D_4,3d^6$;$67.8$;2016;TD-DFT (PGG)
26;Fe;[\citenum{Gould2016b}];$^5D_4,3d^6$;$56.3$;2016;SIC-DFT (RXH)
26;Fe;[\citenum{A.Manz2019}];$^5D,3d^6$;$67.96$;2019;NR, CCSD
26;Fe;[\citenum{Szarek2019}];$^5D,3d^6$;$63.82$;2019;R, CCSD(T)/ANO-RCC
26;Fe;[\citenum{Schwerdtfeger2019}];$--$;$62 \pm 4$;2019;recommended
27;Co;[\citenum{Chandler1987}];$^4F,3d^7$;$52.3$;1987;NR, small CI, VPA
27;Co;[\citenum{Pou-Amérigo1995}];$^4F,3d^7$;$57.71$;1995;NR, MCPF
27;Co;[\citenum{Lide2004, Doolen1987}];$^4F_{9/2},3d^7$;$51 \pm 13$;2004;R, Dirac, LDA
27;Co;[\citenum{Chu2004}];$^4F_{9/2},3d^7$;$48.9$;2004;SIC-DFT
27;Co;[\citenum{Gould2016a}];$^4F,3d^7$;$53.9$;2016;TD-DFT (LEXX)
27;Co;[\citenum{Gould2016b}];$^4F,3d^7$;$60.9$;2016;TD-DFT (PGG)
27;Co;[\citenum{Gould2016b}];$^4F,3d^7$;$50.8$;2016;SIC-DFT (RXH)
27;Co;[\citenum{A.Manz2019}];$^4F_{9/2},3d^7$;$62.03$;2019;NR, CCSD
27;Co;[\citenum{Szarek2019}];$^4F_{9/2},3d^7$;$56.66$;2019;R, CCSD(T)/ANO-RCC
27;Co;[\citenum{Schwerdtfeger2019}];$--$;$55 \pm 4$;2019;recommended
28;Ni;[\citenum{Chandler1987}];$^3F,3d^8$;$48.3$;1987;NR, small CI, VPA
28;Ni;[\citenum{Pou-Amérigo1995}];$^3F,3d^8$;$51.10$;1995;NR, MCPF
28;Ni;[\citenum{Lide2004, Doolen1987}];$^3F_4,3d^8$;$46 \pm 11$;2004;R, Dirac, LDA
28;Ni;[\citenum{Chu2004}];$^3F_4,3d^8$;$44.5$;2004;SIC-DFT
28;Ni;[\citenum{Kłos2005a}];$^3F_4,3d^8$;$47.4 \pm 4.7$;2005;R, DK, MRCI
28;Ni;[\citenum{Gould2016a}];$^3F,3d^8$;$48.4$;2016;TD-DFT (LEXX)
28;Ni;[\citenum{Gould2016b}];$^3F,3d^8$;$55.3$;2016;TD-DFT (PGG)
28;Ni;[\citenum{Gould2016b}];$^3F,3d^8$;$46.2$;2016;SIC-DFT (RXH)
28;Ni;[\citenum{A.Manz2019}];$^3F_4,3d^8$;$57.32$;2019;NR, CCSD
28;Ni;[\citenum{Szarek2019}];$^3F_4,3d^8$;$56.57$;2019;R, CCSD(T)/ANO-RCC
28;Ni;[\citenum{Schwerdtfeger2019}];$--$;$49 \pm 3$;2019;recommended
28;Ni;[\citenum{CanalNeto2021}];$^3F,3d^8$;$50.849$;2021;R, CCSD(T)
28;Ni;[\citenum{Neto2021}];$^3F,3d^8$;$46.919$;2021;R, CCSD(T)
29;Cu;[\citenum{Schwerdtfeger1994}];$^2S_{1/2},3d{{10}}$;$45.0$;1994;R, PP, QCISD(T)
29;Cu;[\citenum{Pou-Amérigo1995}];$^2S,3d^{{10}}$;$53.44$;1995;NR, MCPF
29;Cu;[\citenum{Lide2004, Doolen1987}];$^2S_{1/2},3d^{{10}}$;$41 \pm 10$;2004;R, Dirac, LDA
29;Cu;[\citenum{Chu2004}];$^2S_{1/2},3d^{{10}}$;$39.5$;2004;SIC-DFT
29;Cu;[\citenum{Roos2005}];$^2S_{1/2},3d{{10}}$;$40.7 \pm 4.1$;2005;R, DK, CASPT2
29;Cu;[\citenum{Kłos2005a}];$^2S_{1/2},3d{{10}}$;$43.7 \pm 4.4$;2005;R, DK, MRCI
29;Cu;[\citenum{Maroulis2006, Neogrády1997}];$^2S_{1/2},3d{{10}}$;$46.50 \pm 0.35$;2006;R, DK, CCSD(T)
29;Cu;[\citenum{Mohr2009}];$^2S_{1/2},3d^{{10}}$;$46.98$;2009;R, DK, CCSD(T)
29;Cu;[\citenum{Mitroy2010a, Zhang2008a}];$^2S_{1/2},3d^{{10}}$;$41.65$;2010;CICP
29;Cu;[\citenum{Hohm2012, Sarkisov2006}];$^2S_{1/2},3d^{{10}}$;$54.7 \pm 5.5$;2012;exp.
29;Cu;[\citenum{Ma2015}];$^2S_{1/2},3d^{{10}}$;$58.7 \pm 4.7$;2015;exp.
29;Cu;[\citenum{Dyugaev2016}];$^2S,3d^{{10}}$;$51.8$;2016;semi-empirical
29;Cu;[\citenum{Ernst2016}];$^2S_{1/2},3d^{{10}}$;$42.6 \pm 4.3$;2016;DFT B3LYP/aug-cc-pVDZ
29;Cu;[\citenum{Gould2016a}];$^2S_{1/2},3d{{10}}$;$41.7$;2016;TD-DFT (LEXX)
29;Cu;[\citenum{Gould2016b}];$^2S_{1/2},3d{{10}}$;$46.1$;2016;TD-DFT (PGG)
29;Cu;[\citenum{Gould2016b}];$^2S_{1/2},3d{{10}}$;$41.2$;2016;SIC-DFT (RXH)
29;Cu;[\citenum{Schwerdtfeger2019}];$--$;$46.5 \pm 0.5$;2019;recommended
30;Zn;[\citenum{Kellö1995}];$^1S,3d^{{10}}$;$37.6$;1995;R, MVD, CCSD(T)
30;Zn;[\citenum{Goebel1996}];$^1S,3d^{{10}}$;$39.2 \pm 0.8$;1996;NR, CCSD(T), MP2 basis correction
30;Zn;[\citenum{Goebel1996}];$^1S_0,3d^{{10}}$;$38.8 \pm 0.8$;1996;exp.
30;Zn;[\citenum{Seth1997}];$^1S,3d^{{10}}$;$38.01$;1997;R, PP, CCSD(T)
30;Zn;[\citenum{Ellingsen2001}];$^1S_0,3d^{{10}}$;$39.12$;2001;R, MRCI, pseudo-potential
30;Zn;[\citenum{Lide2004, Doolen1987}];$^1S_0,3d^{{10}}$;$38 \pm 9$;2004;R, Dirac, LDA
30;Zn;[\citenum{Chu2004}];$^1S_0,3d^{{10}}$;$37.7$;2004;SIC-DFT
30;Zn;[\citenum{Roos2005}];$^1S,3d^{{10}}$;$38.4$;2005;R, DK, CASPT2
30;Zn;[\citenum{Maroulis2006, Kellö1995}];$^1S_0,3d^{{10}}$;$38.35 \pm 0.29$;2006;R, MVD, CCSD(T)
30;Zn;[\citenum{Singh2014}];$^1S_0,3d^{{10}}$;$38.666 \pm 0.096$;2014;R, Dirac, CCSDT
30;Zn;[\citenum{Chattopadhyay2015}];$^1S_0,3d^{{10}}$;$38.75$;2015;R, PRCC(T)
30;Zn;[\citenum{Chattopadhyay2015, Qiao2012}];$^1S_0,3d^{{10}}$;$38.92$;2015;exp.+fitting
30;Zn;[\citenum{Gould2016b}];$^1S_0,3d^{{10}}$;$39.2$;2016;SIC-DFT (RXH)
30;Zn;[\citenum{Szarek2019}];$^1S_0,3d^{{10}}$;$41.50$;2019;R, CCSD(T)/ANO-RCC
30;Zn;[\citenum{Schwerdtfeger2019}];$--$;$38.67 \pm 0.30$;2019;recommended
30;Zn;[\citenum{Zaremba-Kopczyk2021}];$^1S,3d^{{10}}$;$37.7$;2021;ECP, CCSD(T)
30;Zn;[\citenum{Chakraborty2022}];$^1S_0,3d^{{10}}$;$38.99 \pm 0.31$;2022;R, NCCSD
31;Ga;[\citenum{Stiehler1995}];$^2P$;$54.9 \pm 1.0$;1995;NR, PNO-CEPA, $M_L$ res.
31;Ga;[\citenum{Cernusak2003}];$^2P$;$52.91 \pm 0.40$;2003;R, DK, CCSD(T)
31;Ga;[\citenum{Fleig2005}];$^2P$;$50.7$;2005;R, SF, MRCI, $M_L$ res.
31;Ga;[\citenum{Fleig2005}];$^2P_{1/2}/^2P_{3/2}$;$49.9/51.6$;2005;R, Dirac, MRCI, $M_J$ res.
31;Ga;[\citenum{Buchachenko2010c}];$^2P_{1/2}/^2P_{3/2}$;$51.3 \pm 2.0/53.0 \pm 2.0$;2010;SI-SOCI, $M_J$ res.
31;Ga;[\citenum{Borschevsky2012}];$^2P_{1/2}/^2P_{3/2}$;$51.1 \pm 1.5/53.4 \pm 3.0$;2012;\makecell{R, Dirac, FSCC, $M_J$ res. \\($J=3/2$: $M_J=3/2$: 41.9, \\$M_J=1/2$: 65.0)}
31;Ga;[\citenum{Ma2015}];$^2P_{1/2}$;$46.6 \pm 4.0$;2015;exp.
31;Ga;[\citenum{Gould2016a}];$^2P_{1/2}$;$52.1$;2016;TD-DFT (LEXX)
31;Ga;[\citenum{Gould2016b}];$^2P_{1/2}$;$56.0$;2016;SIC-DFT (RXH)
31;Ga;[\citenum{A.Manz2019}];$^2P_{1/2}$;$53.01$;2019;NR, CCSD
31;Ga;[\citenum{Schwerdtfeger2019}];$--$;$50 \pm 3$;2019;recommended
31;Ga;[\citenum{CanalNeto2021}];$^2P_{1/2}$;$40.899$;2021;R, CCSD(T)
32;Ge;[\citenum{Stiehler1995}];$^3P$;$41.0$;1995;NR, PNO-CEPA, $M_L$ res.
32;Ge;[\citenum{Chu2004}];$^3P$;$41.6$;2004;SIC-DFT
32;Ge;[\citenum{Maroulis2006}];$^3P_0$;$40.80 \pm 0.82$;2006;R, PNO-CEPA
32;Ge;[\citenum{Thierfelder2008}];$^3P$;$39.97$;2008;\makecell{R, DK, CCSD(T), $M_L$ res. \\($M_L = 0$: 32.11, $M_L = 1$: 43.90)}
32;Ge;[\citenum{Thierfelder2008}];$^3P_0$;$39.43 \pm 0.80$;2008;R, Dirac Gaunt, CCSD(T)
32;Ge;[\citenum{Gould2016b}];$^3P$;$41.2$;2016;SIC-DFT (RXH)
32;Ge;[\citenum{A.Manz2019}];$^3P_0$;$39.78$;2019;NR, CCSD
32;Ge;[\citenum{Schwerdtfeger2019}];$--$;$40 \pm 1$;2019;recommended
33;As;[\citenum{Stiehler1995}];$^4S$;$29.1$;1995;NR, PNO-CEPA
33;As;[\citenum{Stiehler1995}];$^4S$;$30.5$;1995;NR, numerical MCSCF
33;As;[\citenum{Roos2004}];$^4S$;$29.8 \pm 0.6$;2004;R, DK, CASPT2
33;As;[\citenum{Chu2004}];$^4S$;$31.52$;2004;SIC-DFT
33;As;[\citenum{Buchachenko2010}];$^4S$;$29.92$;2010;R, DK, CCSD(T)
33;As;[\citenum{Buchachenko2010}];$^4S$;$29.81$;2010;ECP, CCSD(T)
33;As;[\citenum{Gould2016a}];$^4S$;$29.6$;2016;TD-DFT (LEXX)
33;As;[\citenum{Gould2016b}];$^4S$;$30.7$;2016;SIC-DFT (RXH)
33;As;[\citenum{A.Manz2019}];$^4S$;$29.65$;2019;NR, CCSD
33;As;[\citenum{Schwerdtfeger2019}];$--$;$30 \pm 1$;2019;recommended
33;As;[\citenum{Visentin2020}];$^4S$;$29.6$;2020;ECP, CCSD(T)
34;Se;[\citenum{Alpher1959}];$^3P$;$26.24 \pm 0.52$;1959;R, MVD, CASPT2, $M_L$ res.
34;Se;[\citenum{Cuthbertson1997}];$^3P_2$;$28.9 \pm 1.0$;1997;exp.
34;Se;[\citenum{Chu2004}];$^3P$;$26.65$;2004;SIC-DFT
34;Se;[\citenum{Gould2016b}];$^3P$;$29.3$;2016;TD-DFT (PGG)
34;Se;[\citenum{Gould2016b}];$^3P$;$24.0$;2016;SIC-DFT (RXH)
34;Se;[\citenum{A.Manz2019}];$^3P$;$25.03$;2019;NR, CCSD
34;Se;[\citenum{Schwerdtfeger2019}];$--$;$28.9 \pm 1.0$;2019;recommended
35;Br;[\citenum{MEDVEĎ2000a}];$^2P$;$21.03$;2000;R, MVD, CASPT2, $M_L$ res.
35;Br;[\citenum{Fleig2002}];$^2P_{1/2}$;$21.9$;2002;R, DK, SO-CI
35;Br;[\citenum{Fleig2002}];$^2P_{3/2}$;$21.7$;2002;R, DK, SO-CI, $M_J$ res.
35;Br;[\citenum{Chu2004}];$^2P$;$21.5$;2004;SIC-DFT
35;Br;[\citenum{Maroulis2006, MEDVEĎ2000a}];$^2P$;$21.13 \pm 0.42$;2006;R, MVD, CASPT2
35;Br;[\citenum{Gould2016b}];$^2P$;$21.6$;2016;TD-DFT (LEXX)
35;Br;[\citenum{A.Manz2019}];$^2P$;$20.4$;2019;NR, CCSD
35;Br;[\citenum{Schwerdtfeger2019}];$--$;$21 \pm 1$;2019;recommended
36;Kr;[\citenum{Orcutt1967}];$^1S_0$;$16.766 \pm 0.008$;1967;exp.
36;Kr;[\citenum{Hohm1990}];$^1S$;$16.80 \pm 0.13$;1990;R, DK3, CCSD(T)
36;Kr;[\citenum{Huot1991}];$^1S_0$;$16.782 \pm 0.005$;1991;exp.
36;Kr;[\citenum{Thakkar1992}];$^1S_0$;$16.79$;1992;DOSD (constrained dipole oscillator strength distribution)
36;Kr;[\citenum{Dalgarno1997b, Hohm1990}];$^1S_0$;$16.740$;1997;exp.
36;Kr;[\citenum{Dalgarno1997b}];$^1S_0$;$16.734$;1997;exp.
36;Kr;[\citenum{Roos2004}];$^1S$;$16.6$;2004;R, DK, CASPT2
36;Kr;[\citenum{Mani2009}];$^1S_0$;$16.012$;2009;R, Dirac, CCSD/T
36;Kr;[\citenum{Chattopadhyay2012}];$^1S_0$;$16.736$;2012;R, DK3, CCSD(T)
36;Kr;[\citenum{Dzuba2016b}];$^1S_0$;$16.47$;2016;R, RPA, PolPot
36;Kr;[\citenum{Schwerdtfeger2019}];$--$;$16.78 \pm 0.02$;2019;recommended
36;Kr;[\citenum{Dutta2020}];$^1S_0$;$16.800$;2020;R, DHF, MBPT
37;Rb;[\citenum{Molof1974}];$^2S_{1/2}$;$319 \pm 6$;1974;exp.
37;Rb;[\citenum{Mitroy2003}];$^2S$;$315.7$;2003;Combination of ab initio and semi-empirical methods
37;Rb;[\citenum{Lim2005}];$^2S$;$316.2 \pm 3.2$;2005;R, DK, CCSD(T), AE
37;Rb;[\citenum{Maroulis2006}];$^2S_{1/2}$;$319.2 \pm 6.1$;2006;exp.
37;Rb;[\citenum{Derevianko1999, Derevianko2010}];$^2S_{1/2}$;$318.6 \pm 0.6$;2010;R, SD all orders + exp. data
37;Rb;[\citenum{Holmgren2010}];$^2S_{1/2}$;$318.8 \pm 1.4$;2010;exp.
37;Rb;[\citenum{Jiang2015a}];$^2S$;$317.0$;2015;Oscillator-strength sum rule
37;Rb;[\citenum{Gregoire2015, Gregoire2016}];$^2S_{1/2}$;$319.8 \pm 0.3$;2016;exp.
37;Rb;[\citenum{Schwerdtfeger2019}];$--$;$319.8 \pm 0.3$;2019;recommended
37;Rb;[\citenum{Smialkowski2021}];$^2S_{1/2}$;$317.4$;2021;SR, CCSD(T), ECP
37;Rb;[\citenum{Kaur2022}];$^2S_{1/2}$;$318.5 \pm 0.6$;2022;R, DHF, all orders
37;Rb;[\citenum{Badhan2022}];$^2S_{1/2}$;$318.38 \pm 0.38$;2022;R, Dirac-HF, pertubative singles + doubles method, RPA
37;Rb;[\citenum{Hamilton2023}];$^2S_{1/2}$;$319.5 \pm 1.5$;2023;\makecell{R, TDHF + Breit + QED + scaling \\+ structure radiation + normaliz.}
38;Sr;[\citenum{Patil2000}];$^1S_0$;$193.2$;2000;Model potential
38;Sr;[\citenum{Bromley2002}];$^1S_0$;$198.5 \pm 1.3$;2002;CI, oscillator strength correction
38;Sr;[\citenum{Mitroy2003}];$^1S_0$;$201.2$;2003;Combination of ab initio and semi-empirical methods
38;Sr;[\citenum{Lim2004}];$^1S_0$;$199.4$;2004;R, DK + SO, CCSD(T)
38;Sr;[\citenum{Lim2004}];$^1S_0$;$198.85$;2004;R, DK, CCSD(T)
38;Sr;[\citenum{Lide2004}];$^1S_0$;$186 \pm 15$;2004;exp.
38;Sr;[\citenum{Maroulis2006, Porsev2002}];$^1S$;$199.0 \pm 2.0$;2006;R, CI, MBPT2
38;Sr;[\citenum{Porsev2006}];$^1S_0$;$202.0$;2006;Hybrid-RCI + MBPT sum rule
38;Sr;[\citenum{Sahoo2008}];$^1S_0$;$199.71$;2008;R, Dirac, coupled cluster
38;Sr;[\citenum{Porsev2006a, Porsev2008}];$^1S_0$;$197.2 \pm 3.6$;2008;R, Dirac, CI + MBPT + experimental data
38;Sr;[\citenum{Mitroy2008}];$^1S_0$;$201.6$;2008;Combination of ab initio and experimental results
38;Sr;[\citenum{Mitroy2010}];$^1S_0$;$197.6$;2010;CI + core polarisation (corrected to exp. term energies)
38;Sr;[\citenum{Porsev2006, Derevianko2010}];$^1S_0$;$197.2 \pm 0.2$;2010;Hybrid-RCI + MBPT sum rule
38;Sr;[\citenum{Singh2013}];$^1S_0$;$186.98 \pm 0.85$;2013;R, Dirac, MBPT, CCSD
38;Sr;[\citenum{Cheng2013}];$^1S_0$;$197.8$;2013;Combination of theoretical (CICP) and experimental methods
38;Sr;[\citenum{Safronova2013b}];$^1S_0$;$197.14 \pm 0.2$;2013;CI + MBPT and experimental results
38;Sr;[\citenum{Safronova2013b}];$^1S_0$;$198.9 \pm 2.0$;2013;CI + MBPT-SD and experimental results
38;Sr;[\citenum{Chattopadhyay2014}];$^1S_0$;$190.82$;2014;\makecell{R, Dirac + Breit, perturbed relativistic \\coupled-cluster theory (PRCC)}
38;Sr;[\citenum{Jiang2015a}];$^1S_0$;$197.9$;2015;Oscillator-strength sum rule
38;Sr;[\citenum{Visentin2019}];$^1S_0$;$198.62/198.93$;2019;CCSD(T), ECP/R X2C-28
38;Sr;[\citenum{Bala2019}];$^1S_0$;$196.5$;2019;R, KRCISD/aug-QZ
38;Sr;[\citenum{Schwerdtfeger2019}];$--$;$197.2 \pm 0.2$;2019;recommended
38;Sr;[\citenum{Shukla2020}];$^1S_0$;$214.5$;2020;R, MCDF
38;Sr;[\citenum{CanalNeto2021}];$^1S_0$;$203.16$;2021;R, CCSD(T)
39;Y;[\citenum{Lide2004, Doolen1987}];$^2D_{3/2},4d^1$;$153 \pm 38$;2004;R, Dirac, LDA
39;Y;[\citenum{Li2009}];$^2D_{3/2},4d^1$;$140.94$;2009;DFT, ECP
39;Y;[\citenum{Hohm2012, Chu2007}];$^2D_{3/2},4d^1$;$139 \pm 28$;2012;TD-DFT
39;Y;[\citenum{Ma2015}];$^2D_{3/2},4d^1$;$163 \pm 12$;2015;exp.
39;Y;[\citenum{Gould2016b}];$^2D_{3/2},4d^1$;$134.9$;2016;SIC-DFT (RXH)
39;Y;[\citenum{Gould2016a}];$^2D_{3/2},4d^1$;$163$;2016;TD-DFT (LEXX)
39;Y;[\citenum{Gould2016b}];$^2D_{3/2},4d^1$;$134.9$;2016;SIC-DFT (RXH)
39;Y;[\citenum{Gould2016b}];$^2D_{3/2},4d^1$;$126.74$;2016;TD-DFT (PGG)
39;Y;[\citenum{gobre2016efficient}];$^2D_{3/2},4d^1$;$163 \pm 12$;2016;LR-CCSD
39;Y;[\citenum{Schwerdtfeger2019}];$--$;$162 \pm 12$;2019;recommended
40;Zr;[\citenum{Lide2004, Doolen1987}];$^3F_2, 4d^2$;$121 \pm 30$;2004;R, Dirac, LDA
40;Zr;[\citenum{Ma2015}];$^3F_2, 4d^2$;$112 \pm 13$;2015;exp.
40;Zr;[\citenum{gobre2016efficient}];$^3F_2, 4d^2$;$119.97$;2016;LR-CCSD
40;Zr;[\citenum{Gould2016a}];$^3F_2, 4d^2$;$112$;2016;TD-DFT (LEXX)
40;Zr;[\citenum{Gould2016b}];$^3F_2, 4d^2$;$109.8$;2016;SIC-DFT (RXH)
40;Zr;[\citenum{Gould2016b}];$^3F_2, 4d^2$;$130.5$;2016;TD-DFT (PGG)
40;Zr;[\citenum{Schwerdtfeger2019}];$--$;$112 \pm 13$;2019;recommended
41;Nb;[\citenum{Lide2004, Doolen1987}];$^6D_{1/2}, 4d^4$;$106 \pm 27$;2004;R, Dirac, LDA
41;Nb;[\citenum{Ma2015}];$^6D_{1/2}, 4d^4$;$97.9 \pm 7.4$;2015;exp.
41;Nb;[\citenum{gobre2016efficient}];$^6D_{1/2}, 4d^4$;$101.60$;2016;LR-CCSD
41;Nb;[\citenum{Gould2016a}];$^6D_{1/2}, 4d^4$;$97.9$;2016;TD-DFT (LEXX)
41;Nb;[\citenum{Gould2016b}];$^6D_{1/2}, 4d^4$;$99.6$;2016;TD-DFT (PGG)
41;Nb;[\citenum{Gould2016b}];$^6D_{1/2}, 4d^4$;$95.5$;2016;SIC-DFT (RXH)
41;Nb;[\citenum{A.Manz2019}];$^6D_{1/2}, 4d^4$;$106.43$;2019;ECP, CCSD
41;Nb;[\citenum{Schwerdtfeger2019}];$--$;$98 \pm 8$;2019;recommended
42;Mo;[\citenum{Liepack1956}];$^7S_3, 4d^5$;$61 \pm 10$;1956;exp.
42;Mo;[\citenum{Lide2004, Doolen1987}];$^7S_3, 4d^5$;$86 \pm 22$;2004;R, Dirac, LDA
42;Mo;[\citenum{Buchachenko2010}];$^7S_3, 4d^5$;$84$;2010;R, CCSD(T)
42;Mo;[\citenum{Buchachenko2010}];$^7S_3, 4d^5$;$79$;2010;MRCI
42;Mo;[\citenum{Hohm2012, Roos2005}];$^7S, 4d^5$;$73 \pm 11$;2012;R, DK, CASPT2
42;Mo;[\citenum{Ma2015}];$^7S_3, 4d^5$;$87.1 \pm 6.1$;2015;exp.
42;Mo;[\citenum{gobre2016efficient}];$^7S_3, 4d^5$;$88.42$;2016;LR-CCSD
42;Mo;[\citenum{Gould2016a}];$^7S_3, 4d^5$;$87.1$;2016;TD-DFT (LEXX)
42;Mo;[\citenum{Gould2016b}];$^7S_3, 4d^5$;$82.7$;2016;TD-DFT (PGG)
42;Mo;[\citenum{Gould2016b}];$^7S_3, 4d^5$;$79.0$;2016;SIC-DFT (RXH)
42;Mo;[\citenum{A.Manz2019}];$^7S_3, 4d^5$;$85.93$;2019;ECP, CCSD
42;Mo;[\citenum{Schwerdtfeger2019}];$--$;$87 \pm 6$;2019;recommended
42;Mo;[\citenum{Neto2021}];$^7S_3, 4d^5$;$84.355$;2021;R, CCSD(T)
42;Mo;[\citenum{Sarkisov2022}];$^7S_3, 4d^5$;$76 \pm 15$;2022;exp.
43;Tc;[\citenum{Lide2004, Doolen1987}];$^6S_{5/2}, 4d^5$;$77 \pm 20$;2004;R, Dirac, LDA
43;Tc;[\citenum{Buchachenko2010}];$^6S_{5/2}, 4d^5$;$78.6$;2010;R, CCSD(T)
43;Tc;[\citenum{Hohm2012, Roos2005}];$^6S,4d^5$;$80 \pm 12$;2012;R, DK, CASPT2
43;Tc;[\citenum{Gould2016a}];$^6S_{5/2}, 4d^5$;$79.6$;2016;TD-DFT (LEXX)
43;Tc;[\citenum{Gould2016b}];$^6S_{5/2}, 4d^5$;$93.9$;2016;TD-DFT (PGG)
43;Tc;[\citenum{Gould2016b}];$^6S_{5/2}, 4d^5$;$78.5$;2016;SIC-DFT (RXH)
43;Tc;[\citenum{gobre2016efficient}];$^6S_{5/2}, 4d^5$;$80.08$;2016;LR-CCSD
43;Tc;[\citenum{A.Manz2019}];$^6S_{5/2}, 4d^5$;$80.9$;2019;ECP, CCSD
43;Tc;[\citenum{Schwerdtfeger2019}];$--$;$79 \pm 10$;2019;recommended
43;Tc;[\citenum{CanalNeto2021}];$^6S_{5/2}, 4d^5$;$71.113$;2021;R, CCSD(T)
43;Tc;[\citenum{Neto2021}];$^6S_{5/2}, 4d^5$;$65.158$;2021;R, CCSD(T)
44;Ru;[\citenum{Lide2004, Doolen1987}];$^5F_5, 4d^7$;$65 \pm 16$;2004;R, Dirac, LDA
44;Ru;[\citenum{Gould2016a}];$^5F_5, 4d^7$;$72.3$;2016;TD-DFT (LEXX)
44;Ru;[\citenum{Gould2016b}];$^5F_5, 4d^7$;$69.5$;2016;TD-DFT (PGG)
44;Ru;[\citenum{Gould2016b}];$^5F_5, 4d^7$;$71.4$;2016;SIC-DFT (RXH)
44;Ru;[\citenum{gobre2016efficient}];$^5F_5, 4d^7$;$65.89$;2016;LR-CCSD
44;Ru;[\citenum{A.Manz2019}];$^5F_5, 4d^7$;$71.27$;2019;ECP, CCSD
44;Ru;[\citenum{Schwerdtfeger2019}];$--$;$72 \pm 10$;2019;recommended
45;Rh;[\citenum{Lide2004, Doolen1987}];$^4F_{9/2}, 4d^8$;$58 \pm 15$;2004;R, Dirac, LDA
45;Rh;[\citenum{Ma2015}];$^4F_{9/2}, 4d^8$;$11 \pm 22$;2015;exp. (an unusually low value was obtained)
45;Rh;[\citenum{Gould2016a}];$^4F_{9/2}, 4d^8$;$66.4$;2016;TD-DFT (LEXX)
45;Rh;[\citenum{Gould2016b}];$^4F_{9/2}, 4d^8$;$66.2$;2016;TD-DFT (PGG)
45;Rh;[\citenum{Gould2016b}];$^4F_{9/2}, 4d^8$;$65.7$;2016;SIC-DFT (RXH)
45;Rh;[\citenum{gobre2016efficient}];$^4F_{9/2}, 4d^8$;$56.10$;2016;LR-CCSD
45;Rh;[\citenum{A.Manz2019}];$^4F_{9/2}, 4d^8$;$61.94$;2019;ECP, CCSD
45;Rh;[\citenum{Schwerdtfeger2019}];$--$;$66 \pm 10$;2019;recommended
46;Pd;[\citenum{Lide2004, Doolen1987}];$^1S_0, 4d^{10}$;$32 \pm 8$;2004;R, Dirac, LDA
46;Pd;[\citenum{Bast2008}];$^1S_0, 4d^{10}$;$26.612$;2008;NR, ECP, CCSD(T)
46;Pd;[\citenum{Granatier2011}];$^1S_0, 4d^{10}$;$24.581$;2011;R, DK
46;Pd;[\citenum{Gould2016a}];$^1S_0, 4d^{10}$;$61.7$;2016;TD-DFT (LEXX)
46;Pd;[\citenum{Gould2016b}];$^1S_0, 4d^{10}$;$20.0$;2016;TD-DFT (PGG)
46;Pd;[\citenum{Gould2016b}];$^1S_0, 4d^{10}$;$61.1$;2016;SIC-DFT (RXH)
46;Pd;[\citenum{gobre2016efficient}];$^1S_0, 4d^{10}$;$23.68$;2016;LR-CCSD
46;Pd;[\citenum{Jerabek2018b}];$^1S_0, 4d^{10}$;$26.14 \pm 0.10$;2018;CCSDTQDP, DKH2 + Gaunt, CBS
46;Pd;[\citenum{A.Manz2019}];$^1S_0, 4d^{10}$;$24.36$;2019;ECP, CCSD
46;Pd;[\citenum{Schwerdtfeger2019}];$--$;$26.14 \pm 0.10$;2019;recommended
46;Pd;[\citenum{Sarkisov2022}];$^1S_0, 4d^{10}$;$43 \pm 9$;2022;exp.
47;Ag;[\citenum{Neogrády1997}];$^2S_{1/2}, 4d^{10}$;$55.3 \pm 0.5$;1997;R, DK, CCSD(T)
47;Ag;[\citenum{Roos2005}];$^2S, 4d^{10}$;$36.7$;2005;R, DK, CCSD(T)
47;Ag;[\citenum{Maroulis2006, Neogrády1997}];$^2S, 4d^{10}$;$52.46 \pm 0.52$;2006;R, DK, CCSD(T)
47;Ag;[\citenum{Zhang2008a}];$^2S_{1/2}, 4d^{10}$;$46.17$;2008;CICP
47;Ag;[\citenum{Schwerdtfeger1994, Mohr2009}];$^2S, 4d^{10}$;$52.2$;2009;R, PP, QCISD(T)
47;Ag;[\citenum{Bezchastnov2010}];$^2S_{1/2}, 4d^{10}$;$56 \pm 14$;2010;exp.
47;Ag;[\citenum{Hohm2012}];$^2S_{1/2}, 4d^{10}$;$63.1 \pm 6.3$;2012;exp.
47;Ag;[\citenum{Ma2015}];$^2S_{1/2}, 4d^{10}$;$45.9 \pm 7.4$;2015;exp.
47;Ag;[\citenum{Dyugaev2016}];$^2S, 4d^{10}$;$55.2$;2016;Semi-empirical
47;Ag;[\citenum{Gould2016a}];$^2S_{1/2}, 4d^{10}$;$46.2$;2016;TD-DFT (LEXX)
47;Ag;[\citenum{Gould2016b}];$^2S_{1/2}, 4d^{10}$;$63.3$;2016;TD-DFT (PGG)
47;Ag;[\citenum{Gould2016b}];$^2S_{1/2}, 4d^{10}$;$57.3$;2016;SIC-DFT (RXH)
47;Ag;[\citenum{gobre2016efficient}];$^2S_{1/2}, 4d^{10}$;$50.60$;2016;LR-CCSD
47;Ag;[\citenum{A.Manz2019}];$^2S_{1/2}, 4d^{10}$;$55$;2019;ECP, CCSD
47;Ag;[\citenum{Schwerdtfeger2019}];$--$;$55 \pm 8$;2019;recommended
47;Ag;[\citenum{Tomza2021, Smialkowski2021}];$^2S_{1/2}, 4d^{10}$;$50.2$;2021;SR, ECP, CCSD(T)
47;Ag;[\citenum{Dzuba2021}];$^2S_{1/2}, 4d^{10}$;$50.6$;2021;R, CI+MBPT
47;Ag;[\citenum{Lide2004, Bromley2002b}][2023114];$^2S_{1/2}, 4d^{10}$;$48.4$;2023;R, Dirac, LDA
48;Cd;[\citenum{Kellö1995}];$^1S, 4d^{10}$;$46.8$;1995;R, MVD, CCSD(T)
48;Cd;[\citenum{Goebel1995}];$^1S_0, 4d^{10}$;$49.7 \pm 1.6$;1995;exp.
48;Cd;[\citenum{Goebel1995a}];$^1S_0, 4d^{10}$;$48.2 \pm 1.1$;1995;exp.
48;Cd;[\citenum{Seth1997}];$^1S, 4d^{10}$;$46.25$;1997;R, PP, CCSD(T)
48;Cd;[\citenum{Bromley2002a, Goebel1995a}];$^1S_0, 4d^{10}$;$45.3 \pm 1.4$;2002;exp.
48;Cd;[\citenum{Moszynski2003}];$^1S_0, 4d^{10}$;$45.91/53.99$;2003;CCSD R/NR
48;Cd;[\citenum{Roos2005}];$^1S, 4d^{10}$;$46.9$;2005;R, DK, CASPT2
48;Cd;[\citenum{Maroulis2006, Kellö1995}];$^1S_0, 4d^{10}$;$47.55 \pm 0.48$;2006;R, MVD, CCSD(T)
48;Cd;[\citenum{Ye2008}];$^1S_0, 4d^{10}$;$44.63$;2008;R, DHF, CPMP
48;Cd;[\citenum{Singh2014}];$^1S_0, 4d^{10}$;$45.86 \pm 0.15$;2014;R, DF, CCSD(T), MBPT3
48;Cd;[\citenum{Gould2016a}];$^1S_0, 4d^{10}$;$46.7$;2016;TD-DFT (LEXX)
48;Cd;[\citenum{Sahoo2018b}];$^1S_0, 4d^{10}$;$46.02 \pm 0.50$;2018;R, DHF, CCSD(T)
48;Cd;[\citenum{A.Manz2019}];$^1S_0, 4d^{10}$;$48.3$;2019;ECP, CCSD
48;Cd;[\citenum{Schwerdtfeger2019}];$--$;$46 \pm 2$;2019;recommended
48;Cd;[\citenum{Dutta2020}];$^1S_0, 4d^{10}$;$39.79$;2020;LR-CCSD
48;Cd;[\citenum{Guo2021}];$^1S_0, 4d^{10}$;$45.92 \pm 0.10$;2021;R, CCSD(T)
48;Cd;[\citenum{Zaremba-Kopczyk2021}];$^1S_0, 4d^{10}$;$45.8$;2021;ECP, CCSD(T)
48;Cd;[\citenum{Zhou2021a}];$^1S_0, 4d^{10}$;$46 \pm 2$;2021;R, DFCP+RCI
48;Cd;[\citenum{Hohm2022a}];$^1S_0, 4d^{10}$;$47.5 \pm 2.0$;2022;exp.
49;In;[\citenum{Guella1984}];$^2P_{1/2}$;$68.7 \pm 8.1$;1984;exp.
49;In;[\citenum{Cernusak2003}];$^2P_{1/2}$;$68.67 \pm 0.69$;2003;R, DK, CCSD(T)
49;In;[\citenum{Chu2004}];$^2P_{1/2}$;$70.3$;2004;SIC-DFT
49;In;[\citenum{Fleig2005}];$^2P$;$66.7$;2005;R, SF, MRCI, $M_L$ res.
49;In;[\citenum{Fleig2005}];$^2P_{1/2}/^2P_{3/2}$;$61.9 \pm 1.2/69.6 \pm 1.4$;2005;R, Dirac, MRCI, $M_J$ res.
49;In;[\citenum{Buchachenko2010c}];$^2P_{1/2}/^2P_{3/2}$;$66.4 \pm 5.0/74.4 \pm 8.0$;2010;SI-SOCI, $M_J$ res.
49;In;[\citenum{Borschevsky2012}];$^2P_{1/2}/^2P_{3/2}$;$62.0 \pm 1.9/69.7 \pm 4.0$;2012;\makecell{R, Dirac, FSCC, $M_J$ res. \\($J = 3/2$: $M_J = 3/2$: 55.1, \\$M_J = 1/2$: 84.6)}
49;In;[\citenum{Fleig2005, Borschevsky2012}];$^2P_{1/2}$;$61.5 \pm 5.6$;2012;CCSD(T)
49;In;[\citenum{Safronova2013}];$^2P_{1/2}$;$62.4$;2013;R, Dirac + Breit, CI + all-order
49;In;[\citenum{Ma2015}];$^2P_{1/2}$;$62.1 \pm 6.1$;2015;exp.
49;In;[\citenum{Gould2016b}];$^2P_{1/2}$;$73.1$;2016;SIC-DFT (RXH)
49;In;[\citenum{gobre2016efficient}];$^2P_{1/2}$;$70.22$;2016;LR-CCSD
49;In;[\citenum{Schwerdtfeger2019}][155];$^2P_{1/2}$;$65.2$;2019;R, DFT
49;In;[\citenum{A.Manz2019}];$^2P_{1/2}$;$67.9$;2019;ECP, CCSD
49;In;[\citenum{Schwerdtfeger2019}];$--$;$65 \pm 4$;2019;recommended
49;In;[\citenum{Neto2021}];$^2P_{1/2}$;$70.070$;2021;R, CCSD(T)
49;In;[\citenum{Kumar2022}];$^2P_{1/2}$;$64.3 \pm 1.3/82.3 \pm 1.7$;2022;R, Breit+QED, CCSD
49;In;[\citenum{A.Manz2019}][2023185];$^2P_{1/2}$;$64.5$;2023;R, (D)BSR
50;Sn;[\citenum{Lide2004, Doolen1987}];$^3P$;$52 \pm 13$;2004;R, Dirac, LDA
50;Sn;[\citenum{Chu2004}];$^3P$;$57.5$;2004;SIC-DFT
50;Sn;[\citenum{Thierfelder2008}];$^3P_0$;$52.9 \pm 2.1$;2008;R, Dirac + Gaunt, CCSD(T)
50;Sn;[\citenum{Thierfelder2008}];$^3P_0$;$42.4 \pm 11$;2008;exp.
50;Sn;[\citenum{Assadollahzadeh2009}];$^3P_0$;$54.48$;2009;R, PP, DFT, BP386
50;Sn;[\citenum{Ma2015}];$^3P_0$;$67.5 \pm 8.8$;2015;exp.
50;Sn;[\citenum{Gould2016b}];$^3P_0$;$57.9$;2016;SIC-DFT (RXH)
50;Sn;[\citenum{Chu2004, Gould2016a}];$^3P_0$;$60.0$;2016;TD-DFT (LEXX)
50;Sn;[\citenum{gobre2016efficient}];$^3P_0$;$55.95$;2016;LR-CCSD
50;Sn;[\citenum{A.Manz2019}];$^3P_0$;$54.29$;2019;ECP, CCSD
50;Sn;[\citenum{Schwerdtfeger2019}];$--$;$53 \pm 6$;2019;recommended
50;Sn;[\citenum{CanalNeto2021}];$^3P_0$;$60.115$;2021;R, CCSD(T)
50;Sn;[\citenum{Neto2021}];$^3P_0$;$61.063$;2021;R, CCSD(T)
51;Sb;[\citenum{Lide2004, Doolen1987}];$^4S$;$45 \pm 11$;2004;R, Dirac, LDA
51;Sb;[\citenum{Roos2004}];$^4S$;$42.2 \pm 1.3$;2004;R, DK, CASPT2
51;Sb;[\citenum{Chu2004}];$^4S$;$47.07$;2004;SIC-DFT
51;Sb;[\citenum{Maroulis2007}];$^4S$;$42.26$;2007;NR, CCSD(T)
51;Sb;[\citenum{Buchachenko2010}];$^4S$;$43.03$;2010;ECP, CCSD(T)
51;Sb;[\citenum{Gould2016b}];$^4S$;$45.7$;2016;SIC-DFT (RXH)
51;Sb;[\citenum{Chu2004, Gould2016a}];$^4S$;$44.0$;2016;TD-DFT (LEXX)
51;Sb;[\citenum{A.Manz2019}];$^4S$;$42.78$;2019;ECP, CCSD
51;Sb;[\citenum{Schwerdtfeger2019}];$--$;$43 \pm 2$;2019;recommended
51;Sb;[\citenum{Visentin2020}];$^4S$;$42.8$;2020;ECP, CCSD(T)
52;Te;[\citenum{Lide2004, Doolen1987}];$^3P$;$37 \pm 4$;2004;R, LDA
52;Te;[\citenum{Chu2004}];$^3P$;$40.06$;2004;SIC-DFT
52;Te;[\citenum{Maroulis2006, Sadlej1992}];$^3P$;$38.1 \pm 3.8$;2006;QR, MVD-HF, GTO basis set
52;Te;[\citenum{Gould2016b}];$^3P$;$36.9$;2016;SIC-DFT (RXH)
52;Te;[\citenum{gobre2016efficient}];$^3P$;$37.65$;2016;LR-CCSD
52;Te;[\citenum{A.Manz2019}];$^3P$;$37.51$;2019;ECP, CCSD
52;Te;[\citenum{Schwerdtfeger2019}];$--$;$38 \pm 4$;2019;recommended
52;Te;[\citenum{Allehabi2022}];$^3P$;$37.3$;2022;R, Dirac, CIPT+SD (RPA)
53;I;[\citenum{Maroulis1997}];$^2P_{3/2}$;$32.9 \pm 1.3$;1997;exp.
53;I;[\citenum{Maroulis1997}][162];$^2P_{3/2}$;$33.4$;1997;exp.
53;I;[\citenum{Fleig2002}];$^2P_{1/2}$;$35.1$;2002;R, DK, SO-CI
53;I;[\citenum{Fleig2002}];$^2P_{3/2}$;$34.1$;2002;R, DK, SO-CI, $M_J$ res.
53;I;[\citenum{Chu2004}];$^2P$;$33.6$;2004;SIC-DFT
53;I;[\citenum{Maroulis2006, Fleig2002, Sadlej1992}];$^2P_{3/2}$;$33.0 \pm 1.7$;2006;R, DK, SO-CI
53;I;[\citenum{Gould2016b}];$^2P$;$30.5$;2016;SIC-DFT (RXH)
53;I;[\citenum{gobre2016efficient}];$^2P$;$35.00$;2016;LR-CCSD
53;I;[\citenum{A.Manz2019}];$^2P$;$31.57$;2019;ECP, CCSD
53;I;[\citenum{Schwerdtfeger2019}];$--$;$32.9 \pm 1.3$;2019;recommended
53;I;[\citenum{CanalNeto2021}];$^2P$;$31.101$;2021;R, CCSD(T)
53;I;[\citenum{Neto2021}];$^2P$;$31.114$;2021;R, CCSD(T)
54;Xe;[\citenum{Langhoff1969}];$^1S_0$;$27.342$;1969;exp.
54;Xe;[\citenum{Huot1991}];$^1S_0$;$27.078 \pm 0.050$;1991;exp.
54;Xe;[\citenum{Thakkar1992}];$^1S_0$;$27.16$;1992;DOSD (constrained dipole oscillator strength distribution)
54;Xe;[\citenum{Dalgarno1997b}];$^1S_0$;$27.292$;1997;exp.
54;Xe;[\citenum{Runeberg1998}];$^1S_0$;$27.36$;1998;R, SOPP, CCSD(T) + MP2 basis set correction
54;Xe;[\citenum{Nakajima2001}];$^1S$;$27.06 \pm 0.27$;2001;R, DK3, CCSD(T)
54;Xe;[\citenum{Soldán2001a}];$^1S_0$;$27.2937 \pm 0.0003$;2001;CCSD(T), ECP
54;Xe;[\citenum{Roos2004}];$^1S$;$26.7$;2004;R, DK, CASPT2
54;Xe;[\citenum{Mani2009}];$^1S_0$;$25.297$;2009;R, Dirac, CCSD/T
54;Xe;[\citenum{Bezchastnov2010}];$^1S_0$;$27.42$;2010;R, DK3, CCSD(T)
54;Xe;[\citenum{Chattopadhyay2012}];$^1S_0$;$26.432$;2012;R, DK3, CCSD
54;Xe;[\citenum{Dzuba2016b}];$^1S_0$;$26.7$;2016;R, RPA, PolPot
54;Xe;[\citenum{Gould2016b}];$^1S_0$;$25.4$;2016;SIC-DFT (RXH)
54;Xe;[\citenum{gobre2016efficient}];$^1S_0$;$27.30$;2016;LR-CCSD
54;Xe;[\citenum{Sahoo2018}];$^1S_0$;$28.4 \pm 0.5$;2018;R, CCSD(T)
54;Xe;[\citenum{Sakurai2018}];$^1S_0$;$27.508$;2018;R, CCSD(T)
54;Xe;[\citenum{A.Manz2019}];$^1S_0$;$26.6$;2019;ECP, CCSD
54;Xe;[\citenum{Schwerdtfeger2019}];$--$;$27.32 \pm 0.20$;2019;recommended
54;Xe;[\citenum{Dutta2020}];$^1S_0$;$27.099$;2020;R, DHF, MBPT
54;Xe;[\citenum{Sahoo2023}];$^1S_0$;$27.55 \pm 0.30$;2023;CCSD + hyperfine-induced contributions
55;Cs;[\citenum{Derevianko1999}];$^2S_{1/2}$;$399.9 \pm 1.9$;1999;R, Dirac, SD, all orders + exp. data
55;Cs;[\citenum{Derevianko1999}];$^2S_{1/2}$;$401.5$;1999;R, SD all orders + exp. data for electronic transitions
55;Cs;[\citenum{Amini2003}];$^2S_{1/2}$;$401.0 \pm 0.6$;2003;exp.
55;Cs;[\citenum{Safronova2004}];$^2S_{1/2}$;$398.2 \pm 0.9$;2004;R, Dirac, SDpT
55;Cs;[\citenum{Lim2005}];$^2S$;$396.0 \pm 5.9$;2005;R, DK, CCSD(T), AE
55;Cs;[\citenum{Iskrenova-Tchoukova2008a}];$^2S_{1/2}$;$398.4 \pm 0.7$;2008;R, DF, RPA, SD-all order
55;Cs;[\citenum{Derevianko2010}];$^2S_{1/2}$;$399.8$;2010;Combination of theoretical and experimental data
55;Cs;[\citenum{Borschevsky2013}];$^2S_{1/2}$;$399.0$;2013;R, Dirac, CCSD(T)
55;Cs;[\citenum{Jiang2015a}];$^2S_{1/2}$;$396.7 \pm 7.9$;2015;Combination of theoretical and experimental data
55;Cs;[\citenum{Singh2016}];$^2S_{1/2}$;$399.5 \pm 0.8$;2016;R, Dirac, RCC-SD
55;Cs;[\citenum{Gregoire2015, Gregoire2016}];$^2S_{1/2}$;$400.8 \pm 0.4$;2016;exp.
55;Cs;[\citenum{Schwerdtfeger2019}];$--$;$400.9 \pm 0.7$;2019;recommended
55;Cs;[\citenum{Smialkowski2021}];$^2S_{1/2}$;$391.1$;2021;SR, CCSD(T), ECP
55;Cs;[\citenum{Kaur2022}];$^2S_{1/2}$;$399.9 \pm 0.6$;2022;R, DHF, all order
55;Cs;[\citenum{Badhan2022}];$^2S_{1/2}$;$399.74 \pm 0.55$;2022;R, Dirac-HF, pertubative singles + doubles method, RPA
56;Ba;[\citenum{Schwartz1974}];$^1S_0$;$268 \pm 22$;1974;exp.
56;Ba;[\citenum{Patil2000}];$^1S_0$;$261.2$;2000;Model potential
56;Ba;[\citenum{Porsev2006, Porsev2002}];$^1S$;$262.2$;2006;R, CI, MBPT
56;Ba;[\citenum{Maroulis2006, Lim2004}];$^1S_0$;$273.5 \pm 4.1$;2006;R, DK + SO, CCSD(T)
56;Ba;[\citenum{Porsev2006}];$^1S_0$;$272.1$;2006;Hybrid-RCI + MBPT sum rule
56;Ba;[\citenum{Schäfer2007}];$^1S_0$;$275.5 \pm 5.5$;2007;R, DK, CCSD(T)
56;Ba;[\citenum{Sahoo2008}];$^1S_0$;$268.19$;2008;R, Dirac, coupled cluster
56;Ba;[\citenum{Porsev2006, Derevianko2010}];$^1S_0$;$273.5 \pm 2.0$;2010;Hybrid-RCI + MBPT sum rule, recommended
56;Ba;[\citenum{Borschevsky2013a}];$^1S_0$;$272.7$;2013;R, Dirac + Gaunt, CCSD(T)
56;Ba;[\citenum{Chattopadhyay2014}];$^1S_0$;$274.68$;2014;\makecell{R, Dirac + Breit, perturbed relativistic \\coupled-cluster theory (PRCC)}
56;Ba;[\citenum{Jiang2015a}];$^1S_0$;$278.1 \pm 5.6$;2015;Combination of theoretical and experimental data
56;Ba;[\citenum{Dzuba2016b}];$^1S_0$;$251$;2016;R, RPA, PolPot
56;Ba;[\citenum{gobre2016efficient}];$^1S_0$;$275.0$;2016;LR-CCSD
56;Ba;[\citenum{Buchachenko2018}];$^1S_0$;$274.92 \pm 0.01$;2018;CCSD(T), R DKH ECP/CBS
56;Ba;[\citenum{Visentin2019}];$^1S_0$;$273.90/276.98$;2019;CCSD(T), R, ECP-46/X2C-46
56;Ba;[\citenum{Bala2019}];$^1S_0$;$269.0$;2019;R, KRCISD/aug-QZ
56;Ba;[\citenum{Schwerdtfeger2019}];$--$;$272 \pm 10$;2019;recommended
56;Ba;[\citenum{Shukla2020}];$^1S_0$;$276.2$;2020;R, MCDF
57;La;[\citenum{Lide2004, Doolen1987}];$^2D_{3/2}, 5d^1$;$210 \pm 52$;2004;R, Dirac, LDA
57;La;[\citenum{Chu2007}];$^2D_{3/2}, 5d^1$;$201 \pm 40$;2007;TD-DFT
57;La;[\citenum{Buchachenko2007}];$^2D_{3/2}, 5d^1$;$219.8$;2007;R, CASSCF, ECP
57;La;[\citenum{Hohm2012, Buchachenko2007}];$^2D_{3/2}, 5d^1$;$220 \pm 22$;2012;R, CASSCF, ECP
57;La;[\citenum{Dzuba2014}];$^2D_{3/2}, 5d^1$;$213.7$;2014;"\makecell{R, Dirac, CI + MBPT + CP(RPA); \\($\alpha_D$ = 218.7 for the $5d^2 6s^1$ configuration)}"
57;La;[\citenum{Ma2015}];$^2D_{3/2}, 5d^1$;$170.7 \pm 8.1$;2015;exp.
57;La;[\citenum{A.Manz2019}];$^2D_{3/2}, 5d^1$;$214.72$;2019;ECP, CCSD
57;La;[\citenum{Schwerdtfeger2019}];$--$;$215 \pm 20$;2019;recommended
57;La;[\citenum{Centoducatte2022}];$^2D_{3/2}, 5d^1$;$190.9$;2022;R (ZORA), DFT (B3LYP)
58;Ce;[\citenum{Lide2004, Doolen1987}];$4f^1 5d^1$;$200 \pm 50$;2004;R, Dirac, LDA
58;Ce;[\citenum{Chu2007}];$4f^1 5d^1$;$194 \pm 39$;2007;TD-DFT
58;Ce;[\citenum{Dzuba2014}];$4f^1 5d^1$;$204.7$;2014;"\makecell{R, Dirac, CI + MBPT + CP(RPA); \\($\alpha_D$ = 223.4 for the $4f^2$ configuration)}"
58;Ce;[\citenum{Ma2015}];$^1G_4, 4f^1 5d^1$;$192 \pm 20$;2015;exp.
58;Ce;[\citenum{Schwerdtfeger2019}];$--$;$205 \pm 20$;2019;recommended
58;Ce;[\citenum{Ferreira2020}];$4f^1 5d^1$;$206.51$;2020;R, DKH2-B3LYP/ADZP
58;Ce;[\citenum{Ferreira2020}];$4f^1 5d^1$;$219.66$;2020;R, DKH2-B3LYP/ADZP-DKH
59;Pr;[\citenum{Lide2004, Doolen1987}];$4f^3$;$190 \pm 48$;2004;R, Dirac, LDA
59;Pr;[\citenum{Chu2007}];$4f^3$;$220 \pm 44$;2007;TD-DFT
59;Pr;[\citenum{Dzuba2014}];$4f^3$;$215.8$;2014;"\makecell{R, Dirac, CI + MBPT + CP(RPA); \\($\alpha_D$ = 195.7 for the $4f^2 5d^1$ configuration)}"
59;Pr;[\citenum{Ma2015}];$^4I_{9/2}, 4f^3$;$239 \pm 28$;2015;exp.
59;Pr;[\citenum{Schwerdtfeger2019}];$--$;$216 \pm 20$;2019;recommended
60;Nd;[\citenum{Lide2004, Doolen1987}];$4f^4$;$212 \pm 53$;2004;R, Dirac, LDA
60;Nd;[\citenum{Chu2007}];$4f^4$;$213 \pm 43$;2007;TD-DFT
60;Nd;[\citenum{Dzuba2014}];$4f^4$;$208.4$;2014;"\makecell{R, Dirac, CI + MBPT + CP(RPA); \\($\alpha_D$ = 187.5 for the $4f^3 5d^1$ configuration)}"
60;Nd;[\citenum{Ma2015}];$^5I_4, 4f^4$;$184 \pm 20$;2015;exp.
60;Nd;[\citenum{Schwerdtfeger2019}];$--$;$208 \pm 20$;2019;recommended
60;Nd;[\citenum{Ferreira2020}];$4f^4$;$194.56$;2020;R, DKH2-B3LYP/ADZP
60;Nd;[\citenum{Ferreira2020}];$4f^4$;$203.07$;2020;R, DKH2-B3LYP/ADZP-DKH
61;Pm;[\citenum{Lide2004, Doolen1987}];$4f^5$;$203 \pm 51$;2004;R, Dirac, LDA
61;Pm;[\citenum{Chu2007}];$4f^5$;$206 \pm 41$;2007;TD-DFT
61;Pm;[\citenum{Dzuba2014}];$4f^5$;$200.2$;2014;"\makecell{R, Dirac, CI + MBPT + CP(RPA); \\($\alpha_D$ = 179.3 for the $4f^4 5d^1$ configuration)}"
61;Pm;[\citenum{Schwerdtfeger2019}];$--$;$200 \pm 20$;2019;recommended
62;Sm;[\citenum{Lide2004, Doolen1987}];$4f^6$;$194 \pm 48$;2004;R, Dirac, LDA
62;Sm;[\citenum{Chu2007}];$4f^6$;$200 \pm 40$;2007;TD-DFT
62;Sm;[\citenum{Buchachenko2007}];$4f^6$;$196.8$;2007;R, CASSCF, ECP
62;Sm;[\citenum{Hohm2012, Buchachenko2007}];$4f^6$;$197 \pm 20$;2012;R, CASSCF, ECP
62;Sm;[\citenum{Dzuba2014}];$4f^6$;$192.1$;2014;"\makecell{R, Dirac, CI + MBPT + CP(RPA); \\($\alpha_D$ = 171.7 for the $4f^5 5d^1$ configuration)}"
62;Sm;[\citenum{Ma2015}];$^7F_0, 4f^6$;$157 \pm 16$;2015;exp.
62;Sm;[\citenum{Schwerdtfeger2019}];$--$;$192 \pm 20$;2019;recommended
63;Eu;[\citenum{Lide2004, Doolen1987}];$4f^7$;$187 \pm 47$;2004;R, Dirac, LDA
63;Eu;[\citenum{Chu2007}];$4f^7$;$194 \pm 39$;2007;TD-DFT
63;Eu;[\citenum{Buchachenko2007}];$4f^7$;$189.4$;2007;R, CASSCF, ECP
63;Eu;[\citenum{Hohm2012, Buchachenko2007}];$4f^7$;$189 \pm 19$;2012;R, CASSCF, ECP
63;Eu;[\citenum{Dzuba2014}];$4f^7$;$184.2$;2014;"\makecell{R, Dirac, CI + MBPT + CP(RPA); \\($\alpha_D$ = 164.7 for the $4f^6 5d^1$ configuration)}"
63;Eu;[\citenum{Ma2015}];$^8S_{7/2}, 4f^7$;$155 \pm 25$;2015;exp.
63;Eu;[\citenum{Schwerdtfeger2019}];$--$;$184 \pm 20$;2019;recommended
63;Eu;[\citenum{Flambaum2020}];$4f^7$;$188$;2020;r, CI+MBPT
64;Gd;[\citenum{Lide2004, Doolen1987}];$4f^7 5d^1$;$159 \pm 40$;2004;R, Dirac, LDA
64;Gd;[\citenum{Chu2007}];$4f^7 5d^1$;$161 \pm 32$;2007;TD-DFT
64;Gd;[\citenum{Dzuba2014}];$4f^7 5d^1$;$158.3$;2014;"\makecell{R, Dirac, CI + MBPT + CP(RPA); \\($\alpha_D$ = 194.5 for the $4f^7 5d^2 6s^1$ configuration)}"
64;Gd;[\citenum{Ma2015}];$^9D_2, 4f^7 5d^1$;$176 \pm 26$;2015;exp.
64;Gd;[\citenum{Schwerdtfeger2019}];$--$;$158 \pm 20$;2019;recommended
64;Gd;[\citenum{Flambaum2020}];$4f^7 5d^1$;$159$;2020;R, CI+MBPT
64;Gd;[\citenum{Ferreira2020}];$4f^7 5d^1$;$171.40$;2020;R, DKH2-B3LYP/ADZP
64;Gd;[\citenum{Ferreira2020}];$4f^7 5d^1$;$145.74$;2020;R, DKH2-B3LYP/ADZP-DKH
65;Tb;[\citenum{Lide2004, Doolen1987}];$4f^9$;$172 \pm 43$;2004;R, Dirac, LDA
65;Tb;[\citenum{Chu2007}];$4f^9$;$181 \pm 36$;2007;TD-DFT
65;Tb;[\citenum{Dzuba2014}];$4f^9$;$169.5$;2014;"\makecell{R, Dirac, CI + MBPT + CP(RPA); \\($\alpha_D$ = 152.4 for the $4f^8 5d^1$ configuration)}"
65;Tb;[\citenum{Ma2015}];$^6H_{15/2}, 4f^9$;$159 \pm 11$;2015;exp.
65;Tb;[\citenum{Schwerdtfeger2019}];$--$;$170 \pm 20$;2019;recommended
66;Dy;[\citenum{Lide2004, Doolen1987}];$4f^{10}$;$165 \pm 41$;2004;R, Dirac, LDA
66;Dy;[\citenum{Chu2007}];$4f^{10}$;$175 \pm 35$;2007;TD-DFT
66;Dy;[\citenum{Dzuba2014}];$4f^{10}$;$162.7$;2014;"\makecell{R, Dirac, CI + MBPT + CP(RPA); \\($\alpha_D$ = 148.3 for the $4f^9 5d^1$ configuration)}"
66;Dy;[\citenum{Dzuba2014}];$4f^{10}$;$165$;2014;R, RPA, PolPot
66;Dy;[\citenum{Ma2015}];$^5I_8, 4f^{10}$;$157 \pm 11$;2015;exp.
66;Dy;[\citenum{Dzuba2016b}];$4f^{10}$;$168$;2016;R, RPA, PolPot
66;Dy;[\citenum{Li2016}];$^5I_8, 4f^{10}$;$164$;2016;exp.
66;Dy;[\citenum{Schwerdtfeger2019}];$--$;$163 \pm 15$;2019;recommended
66;Dy;[\citenum{Flambaum2020}];$4f^{10}$;$164$;2020;R, CI+MBPT
66;Dy;[\citenum{Ferreira2020}];$4f^{10}$;$169.69$;2020;R, DKH2-B3LYP/ADZP
66;Dy;[\citenum{Ferreira2020}];$4f^{10}$;$157.20$;2020;R, DKH2-B3LYP/ADZP-DKH
67;Ho;[\citenum{Lide2004, Doolen1987}];$4f^{11}$;$159 \pm 40$;2004;R, Dirac, LDA
67;Ho;[\citenum{Chu2007}];$4f^{11}$;$170 \pm 34$;2007;TD-DFT
67;Ho;[\citenum{Dzuba2014}];$4f^{11}$;$156.3$;2014;"\makecell{R, Dirac, CI + MBPT + CP(RPA); \\($\alpha_D$ = 142.9 for the $4f^{{10}} 5d^1$ configuration)}"
67;Ho;[\citenum{Ma2015}];$^4I_{15/2}, 4f^{11}$;$145 \pm 12$;2015;exp.
67;Ho;[\citenum{Dzuba2016b}];$4f^{11}$;$161$;2016;R, RPA, PolPot
67;Ho;[\citenum{Li2016}];$^4I_{15/2}, 4f^{11}$;$160$;2016;exp.
67;Ho;[\citenum{Schwerdtfeger2019}];$--$;$156 \pm 10$;2019;recommended
68;Er;[\citenum{Lide2004, Doolen1987}];$4f^{12}$;$153 \pm 38$;2004;R, Dirac, LDA
68;Er;[\citenum{Chu2007}];$4f^{12}$;$166 \pm 33$;2007;TD-DFT
68;Er;[\citenum{Dzuba2014}];$4f^{12}$;$150.2$;2014;"\makecell{R, Dirac, CI + MBPT + CP(RPA); \\($\alpha_D$ = 139.4 for the $4f^{11} 5d^1$ configuration)}"
68;Er;[\citenum{Dzuba2014}];$4f^{12}$;$169$;2014;R, RPA, PolPot
68;Er;[\citenum{Lepers2014}];$4f^{12}$;$141 \pm 7$;2014;R, HF, Darwin, SO
68;Er;[\citenum{Ma2015}];$^3H_6, 4f^{12}$;$217 \pm 39$;2015;exp.
68;Er;[\citenum{Dzuba2016b}];$4f^{12}$;$154$;2016;R, RPA, PolPot
68;Er;[\citenum{Becher2018}];$4f^{12}$;$149$;2018;R, HF, Darwin, SO
68;Er;[\citenum{Becher2018}];$^3H_6, 4f^{12}$;$155$;2018;exp.
68;Er;[\citenum{Schwerdtfeger2019}];$--$;$150 \pm 10$;2019;recommended
68;Er;[\citenum{Ferreira2020}];$4f^{12}$;$143.98$;2020;R, DKH2-B3LYP/ADZP
68;Er;[\citenum{Ferreira2020}];$4f^{12}$;$145.01$;2020;R, DKH2-B3LYP/ADZP-DKH
68;Er;[\citenum{Dzuba2020}];$^3H_6, 4f^{12}$;$166.67$;2020;R, Dirac, CIPT+HF+RPA
69;Tm;[\citenum{Lide2004, Doolen1987}];$4f^{13}$;$147 \pm 37$;2004;R, Dirac, LDA
69;Tm;[\citenum{Chu2007}];$4f^{13}$;$161 \pm 32$;2007;TD-DFT
69;Tm;[\citenum{Buchachenko2007}];$4f^{13}$;$152.2$;2007;R, CASSCF, ECP
69;Tm;[\citenum{Hohm2012, Buchachenko2006}];$4f^{13}$;$152 \pm 15$;2012;R, MR-ACQQ, ECP
69;Tm;[\citenum{Dzuba2014}];$4f^{13}$;$144.3$;2014;"\makecell{R, Dirac, CI + MBPT + CP(RPA); \\($\alpha_D$ = 137.8 for the $4f^{{12}} 5d^1$ configuration)}"
69;Tm;[\citenum{Ma2015}];$^2F_{7/2}, 4f^{13}$;$130 \pm 16$;2015;exp.
69;Tm;[\citenum{Dzuba2016b}];$4f^{13}$;$147$;2016;R, RPA, PolPot
69;Tm;[\citenum{Schwerdtfeger2019}];$--$;$144 \pm 15$;2019;recommended
69;Tm;[\citenum{Dzuba2020}];$^2F^0_{7/2}, 4f^{13}$;$153.02$;2020;R, Dirac, CIPT+HF+RPA
70;Yb;[\citenum{Wang1998}];$^1S_0, 4f^{14}$;$141 \pm 4$;1998;R, DHF + Breit + QED, PP
70;Yb;[\citenum{Lide2004, Doolen1987}];$^1S_0, 4f^{14}$;$142 \pm 36$;2004;R, Dirac, LDA
70;Yb;[\citenum{Buchachenko2006}];$^1S_0, 4f^{14}$;$152.9$;2006;R, Dirac, CCSD(T)
70;Yb;[\citenum{Zhang2007b}];$^1S_0, 4f^{14}$;$143$;2007;R, DCHF, CCSD(T), ECP
70;Yb;[\citenum{Chu2007}];$^1S_0, 4f^{14}$;$157.3$;2007;TD-DFT
70;Yb;[\citenum{Buchachenko2007}];$^1S_0, 4f^{14}$;$151.0$;2007;R, CASSCF, ECP
70;Yb;[\citenum{Sahoo2008}];$^1S_0, 4f^{14}$;$144.6 \pm 5.6$;2008;R, Dirac, coupled cluster
70;Yb;[\citenum{Thierfelder2009}];$^1S_0, 4f^{14}$;$140.7 \pm 7.0$;2009;R, Dirac + Gaunt, CCSD(T)
70;Yb;[\citenum{Zhang2009}];$^1S_0, 4f^{14}$;$144$;2009;R, CCSD, PolPot
70;Yb;[\citenum{Thierfelder2009}];$^1S_0, 4f^{14}$;$140.44$;2009;R, Dirac, CCSD(T)
70;Yb;[\citenum{Buchachenko2010d}];$^1S_0, 4f^{14}$;$142.6$;2010;ECP, CCSD(T)
70;Yb;[\citenum{Dammalapati2011}];$^1S_0, 4f^{14}$;$141 \pm 6$;2011;\makecell{R, Dirac, CI + MBPT + experimental data, \\see also ref [\citenum{{Beloy2012}}] for error estimates}
70;Yb;[\citenum{Safronova2012}];$^1S_0, 4f^{14}$;$141 \pm 2$;2012;R, Dirac, CI + MBPT + RPA
70;Yb;[\citenum{Hohm2012, Buchachenko2006}];$^1S_0, 4f^{14}$;$145.3 \pm 4.4$;2012;R, Dirac, CCSD(T)
70;Yb;[\citenum{Beloy2012}];$^1S_0, 4f^{14}$;$139.3 \pm 5.9$;2012;exp.
70;Yb;[\citenum{Dzuba2014}];$^1S_0, 4f^{14}$;$138.9$;2014;"\makecell{R, Dirac, CI + MBPT + CP(RPA); \\($\alpha_D$ = 312.2 for \\the $4f^14 6s^1 6p^1$ configuration)}"
70;Yb;[\citenum{Ma2015}];$^1S_0, 4f^{14}$;$147 \pm 20$;2015;exp.
70;Yb;[\citenum{Dzuba2016b}];$^1S_0, 4f^{14}$;$142$;2016;R, RPA, PolPot
70;Yb;[\citenum{Yoshizawa2016}];$^1S_0, 4f^{14}$;$135.73$;2016;R, DFT, CAM-B3LYP, 2c-NESC
70;Yb;[\citenum{Yoshizawa2016}];$^1S_0, 4f^{14}$;$147.26$;2016;R, DFT, PBE0, 2c-NESC
70;Yb;[\citenum{Sahoo2017}];$^1S_0, 4f^{14}$;$135.50$;2017;R, CCSD
70;Yb;[\citenum{Sahoo2018}];$^1S_0, 4f^{14}$;$136 \pm 5$;2018;R, CCSD(T)
70;Yb;[\citenum{Tang2018}];$^1S_0, 4f^{14}$;$135 \pm 3$;2018;R, CI+MBPT+FC
70;Yb;[\citenum{Dzuba2018}];$^1S_0, 4f^{14}$;$150 \pm 9$;2018;R, CIPT
70;Yb;[\citenum{Visentin2019}];$^1S_0, 4f^{14}$;$140.54$;2019;R, CCSD(T)
70;Yb;[\citenum{Schwerdtfeger2019}];$--$;$139 \pm 6$;2019;recommended
70;Yb;[\citenum{Flambaum2020}];$^1S_0, 4f^{14}$;$147$;2020;R, CI+MBPT
70;Yb;[\citenum{Ferreira2020}];$^1S_0, 4f^{14}$;$133.65$;2020;R, DKH2-B3LYP/ADZP
70;Yb;[\citenum{Ferreira2020}];$^1S_0, 4f^{14}$;$134.44$;2020;R, DKH2-B3LYP/ADZP
70;Yb;[\citenum{Dzuba2020}];$^1S_0, 4f^{14}$;$143$;2020;R, Dirac, CIPT+HF+RPA
70;Yb;[\citenum{Tomza2021}];$^1S_0, 4f^{14}$;$136.0$;2021;SR, ECP, CCSD(T)
70;Yb;[\citenum{Tang2023}];$^1S_0, 4f^{14}$;$139 \pm 3$;2023;MCDHF+Breit+QED
71;Lu;[\citenum{Lide2004, Doolen1987}];$^2D_{3/2}, 5d^1$;$148 \pm 17$;2004;R, Dirac, LDA
71;Lu;[\citenum{Chu2007}];$^2D_{3/2}, 5d^1$;$131 \pm 26$;2007;TD-DFT
71;Lu;[\citenum{Dzuba2014}];$^2D_{3/2}, 5d^1$;$137 \pm 7$;2014;"\makecell{R, Dirac, CI + MBPT + CP(RPA); \\($\alpha_D$ = 61.3 for the \\$4f^{{14}} 6s^2 6p^1$ configuration)}"
71;Lu;[\citenum{Dzuba2014a}];$^2D_{3/2}, 5d^1$;$145$;2014;R, DF, CI + all-order + Breit + QED
71;Lu;[\citenum{Ma2015}];$^2D_{3/2}, 5d^1$;$124 \pm 18$;2015;exp.
71;Lu;[\citenum{Schwerdtfeger2019}];$--$;$137 \pm 7$;2019;recommended
72;Hf;[\citenum{Lide2004, Doolen1987}];$^3F_2, 5d^2$;$109 \pm 27$;2004;R, Dirac, LDA
72;Hf;[\citenum{Dzuba2014a}];$^3F_2, 5d^2$;$97$;2014;R, DF, CI + all-order + Breit + QED
72;Hf;[\citenum{Dzuba2014, Dzuba2014a}];$^3F_2, 5d^2$;$103 \pm 5$;2014;R, DF, CI + MBPT + Breit + QED
72;Hf;[\citenum{Ma2015}];$^3F_2, 5d^2$;$84 \pm 19$;2015;exp.
72;Hf;[\citenum{Sadlej1991a, Gould2016a}];$^3F_2, 5d^2$;$83.7$;2016;NR, MBPT4
72;Hf;[\citenum{gobre2016efficient}];$^3F_2, 5d^2$;$99.52$;2016;LR-CCSD
72;Hf;[\citenum{A.Manz2019}];$^3F_2, 5d^2$;$102.55$;2019;ECP, CCSD
72;Hf;[\citenum{Schwerdtfeger2019}];$--$;$103 \pm 6$;2019;recommended
72;Hf;[\citenum{Centoducatte2022}];$^3F_2, 5d^2$;$95.6$;2022;R (ZORA), DFT (B3LYP)
72;Hf;[\citenum{Neto2023}];$^3F_2, 5d^2$;$94.2$;2023;R (ATZP-ZORA), DFT (B3LYP)
73;Ta;[\citenum{Liepack1956}];$^4F_{3/2}, 5d^3$;$115 \pm 20$;1956;exp.
73;Ta;[\citenum{Cole1986}];$^4F_{3/2}, 5d^3$;$128 \pm 20$;1986;exp.
73;Ta;[\citenum{Cole1986}];$^4F_{3/2}, 5d^3$;$108 \pm 20$;1986;exp.
73;Ta;[\citenum{Lide2004, Doolen1987}];$^4F_{3/2}, 5d^3$;$88 \pm 22$;2004;R, Dirac, LDA
73;Ta;[\citenum{Ma2015}];$^4F_{3/2}, 5d^3$;$58 \pm 12$;2015;exp.
73;Ta;[\citenum{Dzuba2016b}];$^4F_{3/2}, 5d^3$;$73.7$;2016;R, RPA, PolPot
73;Ta;[\citenum{Gould2016a}];$^4F_{3/2}, 5d^3$;$73.9$;2016;TD-DFT (LEXX)
73;Ta;[\citenum{gobre2016efficient}];$^4F_{3/2}, 5d^3$;$82.53$;2016;LR-CCSD
73;Ta;[\citenum{A.Manz2019}];$^4F_{3/2}, 5d^3$;$84.22$;2019;ECP, CCSD
73;Ta;[\citenum{Schwerdtfeger2019}];$--$;$74 \pm 20$;2019;recommended
73;Ta;[\citenum{Centoducatte2022}];$^4F_{3/2}, 5d^3$;$79.6$;2022;R (ZORA), DFT (B3LYP)
74;W;[\citenum{Liepack1956}];$^5D_0, 5d^4$;$47 \pm 7$;1956;exp.
74;W;[\citenum{Lide2004, Doolen1987}];$^5D_0, 5d^4$;$75 \pm 19$;2004;R, Dirac, LDA
74;W;[\citenum{Dzuba2016b}];$^5d^4$;$68.1$;2016;R, RPA, PolPot
74;W;[\citenum{Gould2016a}];$^5D_0, 5d^4$;$65.8$;2016;TD-DFT (LEXX)
74;W;[\citenum{gobre2016efficient}];$^5D_0, 5d^4$;$68.5$;2016;LR-CCSD
74;W;[\citenum{A.Manz2019}];$^5D_0, 5d^4$;$71.04$;2019;ECP, CCSD
74;W;[\citenum{Schwerdtfeger2019}];$--$;$68 \pm 15$;2019;recommended
74;W;[\citenum{Centoducatte2022}];$^5D_0, 5d^4$;$65 \pm 13$;2022;R (ZORA), DFT (B3LYP)
74;W;[\citenum{Centoducatte2022}];$^5D_0, 5d^4$;$73.2$;2022;R (ZORA), CCSD(T)
74;W;[\citenum{Sarkisov2022}];$^5D_0, 5d^4$;$68.98$;2022;exp.
75;Re;[\citenum{Lide2004, Doolen1987}];$^6S_{5/2}, 5d^5$;$65 \pm 16$;2004;R, Dirac, LDA
75;Re;[\citenum{Roos2005}];$^6S_{5/2}, 5d^5$;$61.1$;2005;DK, CASPT2
75;Re;[\citenum{Buchachenko2010}];$^6S_{5/2}, 5d^5$;$61.9$;2010;R, CCSD(T)
75;Re;[\citenum{Dzuba2016b}];$^5d^5$;$65.6$;2016;R, RPA, PolPot
75;Re;[\citenum{Gould2016a}];$^6S_{5/2}, 5d^5$;$60.2$;2016;TD-DFT (LEXX)
75;Re;[\citenum{gobre2016efficient}];$^6S_{5/2}, 5d^5$;$63.04$;2016;LR-CCSD
75;Re;[\citenum{A.Manz2019}];$^6S_{5/2}, 5d^5$;$65.55$;2019;ECP, CCSD
75;Re;[\citenum{Schwerdtfeger2019}];$--$;$62 \pm 3$;2019;recommended
76;Os;[\citenum{Lide2004, Doolen1987}];$^5D_4, 5d^6$;$57$;2004;R, Dirac, LDA
76;Os;[\citenum{Dzuba2016b}];$^5d^6$;$57.8$;2016;R, RPA, PolPot
76;Os;[\citenum{Gould2016a}];$^5D_4, 5d^6$;$55.3$;2016;TD-DFT (LEXX)
76;Os;[\citenum{gobre2016efficient}];$^5D_4, 5d^6$;$55.06$;2016;LR-CCSD
76;Os;[\citenum{A.Manz2019}];$^5D_4, 5d^6$;$56.56$;2019;ECP, CCSD
76;Os;[\citenum{Schwerdtfeger2019}];$--$;$57 \pm 3$;2019;recommended
76;Os;[\citenum{Centoducatte2022}];$^5D_4, 5d^6$;$53.1$;2022;R (ZORA), DFT (B3LYP)
76;Os;[\citenum{Neto2023}];$^5D_4, 5d^6$;$54.1$;2023;R (ATZP-ZORA), DFT (B3LYP)
77;Ir;[\citenum{Cole1986, Bardon1984}];$^4F_{9/2}, 5d^7$;$54.0 \pm 6.7$;1986;exp.
77;Ir;[\citenum{Lide2004, Doolen1987}];$^4F_{9/2}, 5d^7$;$51 \pm 13$;2004;R, Dirac, LDA
77;Ir;[\citenum{Dzuba2016b}];$^5d^7$;$51.7$;2016;R, RPA, PolPot
77;Ir;[\citenum{Gould2016a}];$^4F_{9/2}, 5d^7$;$51.3$;2016;TD-DFT (LEXX)
77;Ir;[\citenum{Gould2016a}];$^4F_{9/2}, 5d^7$;$51.3$;2016;TD-DFT (LEXX)
77;Ir;[\citenum{gobre2016efficient}];$^4F_{9/2}, 5d^7$;$42.51$;2016;LR-CCSD
77;Ir;[\citenum{A.Manz2019}];$^4F_{9/2}, 5d^7$;$49.48$;2019;ECP, CCSD
77;Ir;[\citenum{Schwerdtfeger2019}];$--$;$54 \pm 7$;2019;recommended
77;Ir;[\citenum{Centoducatte2022}];$^4F_{9/2}, 5d^7$;$40.0$;2022;R (ZORA), DFT (B3LYP)
77;Ir;[\citenum{Neto2023}];$^4F_{9/2}, 5d^7$;$39.8$;2023;R (ATZP-ZORA), DFT (B3LYP)
78;Pt;[\citenum{Lide2004, Doolen1987}];$^3D_3, 5d^9$;$44 \pm 11$;2004;R, Dirac, LDA
78;Pt;[\citenum{Gould2016a}];$^3D_3, 5d^9$;$48.0$;2016;TD-DFT (LEXX)
78;Pt;[\citenum{gobre2016efficient}];$^3D_3, 5d^9$;$39.68$;2016;LR-CCSD
78;Pt;[\citenum{A.Manz2019}];$^3D_3, 5d^9$;$43.83$;2019;ECP, CCSD
78;Pt;[\citenum{Schwerdtfeger2019}];$--$;$48 \pm 4$;2019;recommended
78;Pt;[\citenum{Irikura2021}];$^3D_3, 5d^9$;$41.2 \pm 1.1$;2021;ECP, CCSD(T)
78;Pt;[\citenum{Centoducatte2022}];$^3D_3, 5d^9$;$37.5$;2022;R (ZORA), DFT (B3LYP)
78;Pt;[\citenum{Sarkisov2022}];$^3D_3, 5d^9$;$38 \pm 8$;2022;exp.
78;Pt;[\citenum{Neto2023}];$^3D_3, 5d^9$;$40.9$;2023;R (ATZP-ZORA), DFT (B3LYP)
79;Au;[\citenum{Henderson1997}];$^2S_{1/2}, 5d^{10}$;$30 \pm 4$;1997;R, HFR, HS, CI, CACP
79;Au;[\citenum{Wesendrup2000}];$^2S, 5d^{10}$;$34.9$;2000;R, DK, CCSD(T)
79;Au;[\citenum{Roos2005}];$^2S_{1/2}, 5d^{10}$;$39.1 \pm 9.8$;2005;exp.
79;Au;[\citenum{Maroulis2006, Neogrády1997}];$^2S, 5d^{10}$;$36.06 \pm 0.54$;2006;R, DK, CCSD(T)
79;Au;[\citenum{Schwerdtfeger1994, Mohr2009, Schwerdtfeger2000}];$^2S, 5d^{10}$;$35.1$;2009;R, PP, QCISD(T)
79;Au;[\citenum{Hohm2012, Roos2005}];$^2S, 5d^{10}$;$27.9 \pm 4.2$;2012;R, DK, CASPT2
79;Au;[\citenum{Hohm2012, Sarkisov2006}];$^2S_{1/2}, 5d^{10}$;$49.1 \pm 4.9$;2012;exp.
79;Au;[\citenum{Gould2016a}];$^2S_{1/2}, 5d^{10}$;$45.4$;2016;TD-DFT (LEXX)
79;Au;[\citenum{gobre2016efficient}];$^2S_{1/2}, 5d^{10}$;$36.50$;2016;LR-CCSD
79;Au;[\citenum{A.Manz2019}];$^2S_{1/2}, 5d^{10}$;$39.56$;2019;ECP, CCSD
79;Au;[\citenum{Schwerdtfeger2019}];$--$;$36 \pm 3$;2019;recommended
79;Au;[\citenum{Dzuba2021}];$^2S_{1/2}, 5d^{10}$;$34.0$;2021;R, CI+MBPT
79;Au;[\citenum{Tomza2021}];$^2S_{1/2}, 5d^{10}$;$36.3$;2021;SR, ECP, CCSD(T)
79;Au;[\citenum{Centoducatte2022}];$^2S_{1/2}, 5d^{10}$;$34.2$;2022;R (ZORA), DFT (B3LYP)
79;Au;[\citenum{Sarkisov2022}];$^2S_{1/2}, 5d^{10}$;$40 \pm 8$;2022;exp.
79;Au;[\citenum{Neto2023}];$^2S_{1/2}, 5d^{10}$;$34.1$;2023;R (ATZP-ZORA), DFT (B3LYP)
80;Hg;[\citenum{Kellö1995}];$^1S, 5d^{10}$;$31.24$;1995;R, MVD, CCSD(T)
80;Hg;[\citenum{Goebel1996a}];$^1S_0, 5d^{10}$;$33.91 \pm 0.34$;1996;exp.
80;Hg;[\citenum{Seth1997}];$^1S, 5d^{10}$;$34.42$;1997;R, PP, CCSD(T)
80;Hg;[\citenum{Roos2005}];$^1S, 5d^{10}$;$33.3$;2005;R, DK, CASPT2
80;Hg;[\citenum{Maroulis2006, Kellö1996}];$^1S_0, 5d^{10}$;$34.73 \pm 0.52$;2006;R, DK, CCSD(T)
80;Hg;[\citenum{Pershina2008b}];$^1S_0, 5d^{10}$;$34.15$;2008;R, Dirac, CCSD(T)
80;Hg;[\citenum{Kellö1995, Qiao2012, Tang2008}];$^1S_0, 5d^{10}$;$33.75$;2012;exp.
80;Hg;[\citenum{Singh2015}];$^1S_0, 5d^{10}$;$34.27$;2015;R, Dirac, CCSDT + QED
80;Hg;[\citenum{Borschevsky2015}];$^1S_0, 5d^{10}$;$34.1$;2015;R, Dirac, CCSD(T)
80;Hg;[\citenum{Chattopadhyay2015}];$^1S_0, 5d^{10}$;$33.59$;2015;R, PRCC(T)
80;Hg;[\citenum{Dyugaev2016}];$^1S, 5d^{10}$;$32.9$;2016;semi-empirical
80;Hg;[\citenum{Dzuba2016b}];$^1S_0, 5d^{10}$;$39.1$;2016;R, RPA, PolPot
80;Hg;[\citenum{gobre2016efficient}];$^1S_0, 5d^{10}$;$33.90$;2016;LR-CCSD
80;Hg;[\citenum{Gould2016a}];$^1S_0, 5d^{10}$;$33.5$;2016;TD-DFT (LEXX)
80;Hg;[\citenum{Sahoo2018d}];$^1S_0, 5d^{10}$;$34.2 \pm 0.5$;2018;R, CCSD(T) + Breit
80;Hg;[\citenum{Sahoo2018}];$^1S_0, 5d^{10}$;$34.5 \pm 0.8$;2018;R, CCSD(T)
80;Hg;[\citenum{A.Manz2019}];$^1S_0, 5d^{10}$;$35.45$;2019;ECP, CCSD
80;Hg;[\citenum{Schwerdtfeger2019}];$--$;$33.91 \pm 0.34$;2019;recommended
80;Hg;[\citenum{Kumar2021}];$^1S_0, 5d^{10}$;$33.69 \pm 0.34$;2021;PRCC(T)+Breitt+QED
80;Hg;[\citenum{Centoducatte2022}];$^1S_0, 5d^{10}$;$36.1$;2022;R (ZORA), DFT (B3LYP)
80;Hg;[\citenum{Neto2023}];$^1S_0, 5d^{10}$;$34.9$;2023;R (ATZP-ZORA), DFT (B3LYP)
81;Tl;[\citenum{Cernusak2003}];$^2P$;$50.48$;2003;R, DK, CCSD(T)
81;Tl;[\citenum{Cernusak2003}];$^2P$;$50.62$;2003;R, DK, CCSD(T)
81;Tl;[\citenum{Lide2004}];$^2P_{1/2}$;$51.3 \pm 5.4$;2004;exp.
81;Tl;[\citenum{Fleig2005}];$^2P$;$70.0$;2005;R, SF, MRCI, $M_L$ res.
81;Tl;[\citenum{Fleig2005}];$^2P_{1/2}/^2P_{3/2}$;$51.6/81.2$;2005;R, Dirac, MRCI, $M_J$ res.
81;Tl;[\citenum{Safronova2006}];$^2P$;$50.4$;2006;R, DHF, SD, MBPT all-order
81;Tl;[\citenum{Pershina2008a}];$^2P_{1/2}$;$52.3$;2008;R, Dirac, FS-CCSD
81;Tl;[\citenum{Dzuba2009}];$^2P$;$48.81$;2009;R, Dirac, CI+MBPT
81;Tl;[\citenum{Mitroy2010a, Kozlov2001}];$^2P$;$49.2$;2010;RCI + MBPT
81;Tl;[\citenum{Buchachenko2010c}];$^2P_{1/2}/^2P_{3/2}$;$50.7 \pm 5.0/78.5 \pm 6.0$;2010;SI-SOCI, $M_J$ res.
81;Tl;[\citenum{Borschevsky2012}];$^2P_{1/2}/^2P_{3/2}$;$50.3/80.9$;2012;\makecell{R, Dirac, FSCC, $M_J$ res. \\($J = 3/2$: $M_J = 3/2$: 56.7, \\$M_J = 1/2$: 105.1)}
81;Tl;[\citenum{Hohm2012, Cernusak2003}];$^2P$;$71.7 \pm 1.1$;2012;R, DK, CCSD(T)
81;Tl;[\citenum{Borschevsky2012}];$^2P$;$52.1 \pm 1.6/80.4 \pm 4.0$;2012;R, Dirac, FSCC
81;Tl;[\citenum{Safronova2013a}];$^2P$;$50.0 \pm 1.0$;2013;R, CC
81;Tl;[\citenum{Safronova2013a}];$^2P$;$50.7$;2013;R, CI + all-order
81;Tl;[\citenum{Borschevsky2015, Pershina2008a}];$^2P$;$51.3$;2015;R, Dirac, FS-CCSD
81;Tl;[\citenum{Dzuba2016}];$^2P$;$47.78$;2016;R, Dirac+Breit+QED, SD+CI, RPA
81;Tl;[\citenum{Gould2016a}];$^2P$;$51.4$;2016;TD-DFT (LEXX)
81;Tl;[\citenum{gobre2016efficient}];$^2P$;$69.92$;2016;LR-CCSD
81;Tl;[\citenum{Tang2018a}];$^2P$;$49.2 \pm 2.0$;2018;R, Dirac+Breit, CCSD
81;Tl;[\citenum{A.Manz2019}];$^2P$;$70.06$;2019;ECP, CCSD
81;Tl;[\citenum{Schwerdtfeger2019}];$--$;$50 \pm 2$;2019;recommended
82;Pb;[\citenum{Doolen1987}];$^3P$;$46 \pm 11$;1987;R, Dirac, LDA
82;Pb;[\citenum{Nash2005}];$^3P_0$;$51.0$;2005;R, SOPP, CCSD(T)
82;Pb;[\citenum{Thierfelder2008}];$^3P_0$;$47.70$;2008;R, Dirac + Gaunt, CCSD(T)
82;Pb;[\citenum{Pershina2008b}];$^3P_0$;$46.96$;2008;R, Dirac, CCSD(T)
82;Pb;[\citenum{Thierfelder2008}];$^3P_0$;$47.3 \pm 1.9$;2008;R, Dirac + Gaunt, CCSD(T)
82;Pb;[\citenum{Thierfelder2008, Lide2004}];$^3P_0$;$47.1 \pm 7.1$;2008;exp.
82;Pb;[\citenum{Borschevsky2015}];$^3P_0$;$47.0$;2015;R, Dirac, FS-CCSD
82;Pb;[\citenum{Ma2015}];$^3P_0$;$56 \pm 18$;2015;exp.
82;Pb;[\citenum{Dzuba2016}];$^3P_0$;$44.04$;2016;R, Dirac + Breit + QED, SD + CI, RPA
82;Pb;[\citenum{Zalialiutdinov2016}];$^3P_0$;$46.5$;2016;R, CI + all-order, RPA
82;Pb;[\citenum{Gould2016a}];$^3P_0$;$47.9$;2016;TD-DFT (LEXX)
82;Pb;[\citenum{gobre2016efficient}];$^3P_0$;$61.80$;2016;LR-CCSD
82;Pb;[\citenum{A.Manz2019}];$^3P_0$;$60.07$;2019;EP, CCSD
82;Pb;[\citenum{Schwerdtfeger2019}];$--$;$47 \pm 3$;2019;recommended
82;Pb;[\citenum{Flambaum2020}];$^3P_0$;$46$;2020;R, CI+MBPT
82;Pb;[\citenum{Oleynichenko2020}];$^3P_0$;$47.0$;2020;R, FS-RCCSD(T)
82;Pb;[\citenum{Neto2023}];$^3P_0$;$56.3$;2023;R (ATZP-ZORA), DFT(B3LYP)
83;Bi;[\citenum{Kellö1992}];$^4S$;$52.85$;1992;R, Cowan-Griffin, HF only
83;Bi;[\citenum{Lide2004, Doolen1987}];$^4S$;$50 \pm 12$;2004;R, Dirac, LDA
83;Bi;[\citenum{Roos2004}];$^4S$;$48.6$;2004;R, DK, CASPT2
83;Bi;[\citenum{Buchachenko2010}];$^4S$;$48.75$;2010;ECP, CCSD(T)
83;Bi;[\citenum{Ma2015}];$^4S_{3/2}$;$55 \pm 11$;2015;exp.
83;Bi;[\citenum{Dzuba2016}];$^4S$;$44.62$;2016;R, Dirac + Breit + QED, SD + CI, RPA
83;Bi;[\citenum{Gould2016a}];$^4S$;$43.2$;2016;TD-DFT (LEXX)
83;Bi;[\citenum{gobre2016efficient}];$^4S$;$49.02$;2016;LR-CCSD
83;Bi;[\citenum{A.Manz2019}];$^4S$;$48.88$;2019;ECP, CCSD
83;Bi;[\citenum{Schwerdtfeger2019}];$--$;$48 \pm 4$;2019;recommended
83;Bi;[\citenum{Visentin2020}];$^4S$;$48.8$;2020;ECP, CCSD(T)
83;Bi;[\citenum{Centoducatte2022}];$^4S$;$44.36$;2022;R (ZORA), CCSD(T)
83;Bi;[\citenum{Centoducatte2022}];$^4S$;$53.1$;2022;R (ATZP-ZORA), DFT (B3LYP)
83;Bi;[\citenum{Neto2023}];$^4S$;$46.6$;2023;R (ZORA), DFT (B3LYP)
84;Po;[\citenum{Kellö1992}];$^3P_2$;$46.8$;1992;R, Cowan-Griffin, HF only, $M_L$ res.
84;Po;[\citenum{Lide2004, Doolen1987}];$^3P_2$;$46$;2004;R, Dirac, LDA
84;Po;[\citenum{Maroulis2006, Hohm2012, Kellö1992}];$^3P_2$;$43.6 \pm 4.4$;2012;R, Cowan-Griffin, HF only
84;Po;[\citenum{gobre2016efficient}];$^3P_2$;$45.01$;2016;LR-CCSD
84;Po;[\citenum{A.Manz2019}];$^3P_2$;$44.22$;2019;ECP, CCSD
84;Po;[\citenum{Schwerdtfeger2019}];$--$;$44 \pm 4$;2019;recommended
84;Po;[\citenum{Centoducatte2022}];$^3P_2$;$44.77$;2022;R (ZORA), CCSD(T)
84;Po;[\citenum{Centoducatte2022}];$^3P_2$;$47.1$;2022;R (ZORA), DFT (B3LYP)
84;Po;[\citenum{Neto2023}];$^3P_2$;$46.5$;2023;R (ATZP-ZORA), DFT (B3LYP)
85;At;[\citenum{Fleig2002}];$^2P_{1/2}$;$45.6$;2002;R, DK, SO-CI
85;At;[\citenum{Fleig2002}];$^2P_{3/2}$;$41.9$;2002;R, DK, SO-CI, $M_J$ res.
85;At;[\citenum{Maroulis2006, Hohm2012, Kellö1992}];$^2P_{3/2}$;$40.7 \pm 2.0$;2012;R, Cowan-Griffin, HF only
85;At;[\citenum{gobre2016efficient}];$^2P_{3/2}$;$38.93$;2016;LR-CCSD
85;At;[\citenum{A.Manz2019}];$^2P_{3/2}$;$38.15$;2019;ECP, CCSD
85;At;[\citenum{Schwerdtfeger2019}];$--$;$42 \pm 4$;2019;recommended
85;At;[\citenum{Centoducatte2022}];$^2P_{3/2}$;$40.4$;2022;R (ZORA), DFT (B3LYP)
85;At;[\citenum{Neto2023}];$^2P_{3/2}$;$41.1$;2023;R (ATZP-ZORA), DFT (B3LYP)
86;Rn;[\citenum{Runeberg1998}];$^1S_0$;$34.33$;1998;R, SOPP, CCSD(T) + MP2 basis set correction
86;Rn;[\citenum{Runeberg1998}];$^1S_0$;$34.60$;1998;R, SOPP, CCSD(T) + MP2 basis set correction
86;Rn;[\citenum{Nakajima2001}];$^1S$;$33.18$;2001;R, DK3, CCSD(T)
86;Rn;[\citenum{Soldán2001a}];$^1S_0$;$34.4374 \pm 0.0001$;2001;CCSD(T), ECP
86;Rn;[\citenum{Roos2004}];$^1S$;$32.6$;2004;R, DK, CASPT2
86;Rn;[\citenum{Lide2004, Doolen1987}];$^1S_0$;$36 \pm 5$;2004;R, Dirac, LDA
86;Rn;[\citenum{Nash2005}];$^1S_0$;$28.6$;2005;R, SOPP, CCSD(T)
86;Rn;[\citenum{Wesendrup2000, Labello2005}];$^1S_0$;$35.77$;2005;R, DK, CCSD(T)
86;Rn;[\citenum{Labello2005}];$^1S_0$;$35.47$;2005;CCSD, ECP
86;Rn;[\citenum{Chattopadhyay2012}];$^1S_0$;$35.391$;2012;R, RPA, PolPot
86;Rn;[\citenum{Sulzer2012}];$^1S_0$;$35.87$;2012;R, DFT, DC, PBE38
86;Rn;[\citenum{Pantazis2012}];$^1S_0$;$34.89$;2012;R, DKH2, B3LYP, SARC
86;Rn;[\citenum{Pantazis2012}];$^1S_0$;$34.70$;2012;R, DKH2, B3LYP, UGBS
86;Rn;[\citenum{Sulzer2012}];$^1S_0$;$33.62$;2012;R, DFT, sfDC, PBE38
86;Rn;[\citenum{Hohm2012, Pershina2008}];$^1S_0$;$35.04 \pm 1.8$;2012;R, Dirac, CCSD(T)
86;Rn;[\citenum{Borschevsky2015}];$^1S_0$;$35.0$;2015;R, Dirac, CCSD(T)
86;Rn;[\citenum{Dzuba2016b}];$^1S_0$;$34.2$;2016;R, RPA, PolPot
86;Rn;[\citenum{Gould2016a}];$^1S_0$;$32.2$;2016;TD-DFT (LEXX)
86;Rn;[\citenum{gobre2016efficient}];$^1S_0$;$33.54$;2016;LR-CCSD
86;Rn;[\citenum{Sahoo2018, Smits2018}];$^1S_0$;$37.0 \pm 0.5$;2018;R, CCSD(T)
86;Rn;[\citenum{Smits2018}];$^1S_0$;$35.3$;2018;R, Dirac-Gaunt, CCSD(T)
86;Rn;[\citenum{Dzuba2018a}];$^1S_0$;$35.00$;2018;R, RPA
86;Rn;[\citenum{A.Manz2019}];$^1S_0$;$32.8$;2019;ECP, CCSD
86;Rn;[\citenum{Schwerdtfeger2019}];$--$;$35 \pm 2$;2019;recommended
86;Rn;[\citenum{Flambaum2020}];$^1S_0$;$35$;2020;R, RPA
86;Rn;[\citenum{Dutta2020}];$^1S_0$;$34.66$;2020;R, DHF, MBPT
86;Rn;[\citenum{McNeill2020}];$^1S_0$;$36.14$;2020;R, DK, CCSD(T)
86;Rn;[\citenum{Kumar2021}];$^1S_0$;$35.53 \pm 0.36$;2021;PRCC(T)+Breit+QED
86;Rn;[\citenum{Centoducatte2022}];$^1S_0$;$34.6$;2022;R (ZORA), DFT (B3LYP)
86;Rn;[\citenum{Neto2023}];$^1S_0$;$30.9$;2023;R (ATZP-ZORA), DFT (B3LYP)
87;Fr;[\citenum{Lim2005}];$^2S$;$315.2$;2005;R, DK, CCSD(T), AE
87;Fr;[\citenum{Safronova2007}];$^2S_{1/2}$;$313.7$;2007;R, DF, RPA, MBPT
87;Fr;[\citenum{Derevianko1999, Derevianko2010}];$^2S_{1/2}$;$317.8 \pm 2.4$;2010;R, Dirac, SD all orders + experimental data
87;Fr;[\citenum{Borschevsky2013}];$^2S_{1/2}$;$311.5$;2013;R, Dirac, CCSD(T)
87;Fr;[\citenum{gobre2016efficient}];$^2S_{1/2}$;$317.8$;2016;LR-CCSD
87;Fr;[\citenum{Singh2016a}];$^2S_{1/2}$;$316.8$;2016;R, Dirac-Fock, CCSD(T)
87;Fr;[\citenum{Schwerdtfeger2019}];$--$;$317.8 \pm 2.4$;2019;recommended
87;Fr;[\citenum{Aoki2021}];$^2S_{1/2}$;$317.1 \pm 1.3$;2021;R, Dirac-HF, CCSD
87;Fr;[\citenum{Smialkowski2021}];$^2S_{1/2}$;$325.8$;2021;SR, CCSD(T), ECP
87;Fr;[\citenum{Kaur2022a}];$^2S_{1/2}$;$316.6 \pm 2.4$;2022;R, all orders, Dirac-Fock, RPA
87;Fr;[\citenum{Badhan2022}];$^2S_{1/2}$;$316.6 \pm 1.5$;2022;R, Dirac-HF, perturbative singles + doubles method, RPA
88;Ra;[\citenum{Lim2004}];$^1S_0$;$248.56$;2004;R, DK + SO, CCSD(T)
88;Ra;[\citenum{Maroulis2006, Lim2004}];$^1S_0$;$246.2 \pm 4.9$;2006;R, DK + SO, CCSD(T)
88;Ra;[\citenum{Borschevsky2013a}];$^1S_0$;$242.8$;2013;R, Dirac + Gaunt, CCSD(T)
88;Ra;[\citenum{Chattopadhyay2014}];$^1S_0$;$242.42$;2014;\makecell{R, Dirac + Breit, perturbed relativistic \\coupled-cluster theory (PRCC)}
88;Ra;[\citenum{Dzuba2016b}];$^1S_0$;$232$;2016;R, RPA, PolPot
88;Ra;[\citenum{gobre2016efficient}];$^1S_0$;$246.2$;2016;LR-CCSD
88;Ra;[\citenum{Sahoo2018}];$^1S_0$;$236 \pm 15$;2018;R, CCSD(T)
88;Ra;[\citenum{Bala2019}];$^1S_0$;$248.5$;2019;R, KRCISD/aug-QZ
88;Ra;[\citenum{Schwerdtfeger2019}];$--$;$246 \pm 4$;2019;recommended
88;Ra;[\citenum{Dutta2020}];$^1S_0$;$247.838$;2020;R, DHF, MBPT
88;Ra;[\citenum{Flambaum2020}];$^1S_0$;$250$;2020;R, CI+MBPT
88;Ra;[\citenum{Smialkowski2021}];$^1S_0$;$250.5$;2021;SR, CCSD(T), ECP
89;Ac;[\citenum{Lide2004, Doolen1987}];$^2D_{3/2}, 6d^1$;$217 \pm 44$;2004;R, Dirac, LDA
89;Ac;[\citenum{Dzuba2014}];$^2D_{3/2}, 6d^1$;$203.3$;2014;"\makecell{R, Dirac, CI + MBPT + CP(RPA); ($\alpha_D$ = 141.9 for the $7s^2 7p^1$ configuration)}"
89;Ac;[\citenum{Schwerdtfeger2019}];$--$;$203 \pm 12$;2019;recommended
89;Ac;[\citenum{Flambaum2020}];$^2D_{3/2}, 6d^1$;$195$;2020;R, CI+MBPT
90;Th;[\citenum{Lide2004, Doolen1987}];$6d^2$;$217 \pm 54$;2004;R, Dirac, LDA
90;Th;[\citenum{Hohm2012}];$6d^2$;$166.7$;2012;Estimated from correlation with ionization energies
90;Th;[\citenum{Schwerdtfeger2019}];$--$;$217 \pm 54$;2019;recommended
91;Pa;[\citenum{Lide2004, Doolen1987}];$5f^2 6d^1$;$171 \pm 34$;2004;R, Dirac, LDA
91;Pa;[\citenum{Dzuba2014}];$5f^2 6d^1$;$154.4$;2014;"\makecell{R, Dirac, CI + MBPT + CP(RPA); \\($\alpha_D$ = 151.9 for the $5f^2 6d^2 7s^1$ configuration)}"
91;Pa;[\citenum{Schwerdtfeger2019}];$--$;$154 \pm 20$;2019;recommended
91;Pa;[\citenum{Flambaum2020}];$5f^2 6d^1$;$170$;2020;R, CI+MBPT
92;U;[\citenum{Kadar-Kallen1994}];$^5L_6, 5f^3 6d^1$;$137 \pm 9$;1994;exp.
92;U;[\citenum{Lide2004, Doolen1987}];$5f^3 6d^1$;$153 \pm 38$;2004;R, Dirac, LDA
92;U;[\citenum{Dzuba2014}];$5f^3 6d^1$;$127.8$;2014;"\makecell{R, Dirac, CI + MBPT + CP(RPA); ($\alpha_D$ = 153.2 for the $5f^4$ configuration)}"
92;U;[\citenum{Schwerdtfeger2019}];$--$;$129 \pm 17$;2019;recommended
92;U;[\citenum{Flambaum2020}];$5f^3 6d^1$;$165$;2020;R, CI+MBPT
93;Np;[\citenum{Lide2004, Doolen1987}];$5f^4 6d^1$;$167 \pm 42$;2004;R, Dirac, LDA
93;Np;[\citenum{Dzuba2014}];$5f^4 6d^1$;$150.5$;2014;"\makecell{R, Dirac, CI + MBPT + CP(RPA); \\($\alpha_D$ = 127.5 for the $5f^5$ configuration)}"
93;Np;[\citenum{Schwerdtfeger2019}];$--$;$151 \pm 20$;2019;recommended
93;Np;[\citenum{Flambaum2020}];$5f^4 6d^1$;$160$;2020;R, CI+MBPT
94;Pu;[\citenum{Lide2004, Doolen1987}];$5f^6$;$165 \pm 41$;2004;R, Dirac, LDA
94;Pu;[\citenum{Dzuba2014}];$5f^6$;$132.2$;2014;"\makecell{R, Dirac, CI + MBPT + CP(RPA); \\($\alpha_D$ = 147.6 for the $5f^5 6d^1$ configuration)}"
94;Pu;[\citenum{Schwerdtfeger2019}];$--$;$132 \pm 20$;2019;recommended
94;Pu;[\citenum{Flambaum2020}];$5f^6$;$144$;2020;R, CI+MBPT
95;Am;[\citenum{Lide2004, Doolen1987}];$5f^7$;$157 \pm 39$;2004;R, Dirac, LDA
95;Am;[\citenum{Roos2005a}];$5f^7$;$116 \pm 29$;2005;R, DK, CASPT2
95;Am;[\citenum{Dzuba2014}];$5f^7$;$131.2$;2014;"\makecell{R, Dirac, CI + MBPT + CP(RPA); \\($\alpha_D$ = 144.7 for the $5f^6 6d^1$ configuration)}"
95;Am;[\citenum{Martins2016}];$5f^7$;$122.4$;2016;R, DFT, DKH, B3LYP
95;Am;[\citenum{Schwerdtfeger2019}];$--$;$131 \pm 25$;2019;recommended
96;Cm;[\citenum{Lide2004, Doolen1987}];$5f^7 6d^1$;$155 \pm 39$;2004;R, Dirac, LDA
96;Cm;[\citenum{Dzuba2014}];$5f^7 6d^1$;$143.6$;2014;"\makecell{R, Dirac, CI + MBPT + CP(RPA); \\($\alpha_D$ = 128.6 for the $5f^8$ configuration)}"
96;Cm;[\citenum{Schwerdtfeger2019}];$--$;$144 \pm 25$;2019;recommended
97;Bk;[\citenum{Lide2004, Doolen1987}];$5f^9$;$153 \pm 38$;2004;R, Dirac, LDA
97;Bk;[\citenum{Dzuba2014}];$5f^9$;$125.3$;2014;"\makecell{R, Dirac, CI + MBPT + CP(RPA); \\($\alpha_D$ = 141.6 for the $5f^8 6d^1$ configuration)}"
97;Bk;[\citenum{Schwerdtfeger2019}];$--$;$125 \pm 25$;2019;recommended
98;Cf;[\citenum{Lide2004, Doolen1987}];$5f^{10}$;$138 \pm 34$;2004;R, Dirac, LDA
98;Cf;[\citenum{Dzuba2014}];$5f^{10}$;$121.5$;2014;"\makecell{R, Dirac, CI + MBPT + CP(RPA); \\($\alpha_D$ = 142.3 for the $5f^9 6d^1$ configuration)}"
98;Cf;[\citenum{Schwerdtfeger2019}];$--$;$122 \pm 20$;2019;recommended
99;Es;[\citenum{Lide2004, Doolen1987}];$5f^{11}$;$133 \pm 33$;2004;R, Dirac, LDA
99;Es;[\citenum{Dzuba2014}];$5f^{11}$;$117.5$;2014;"\makecell{R, Dirac, CI + MBPT + CP(RPA); \\($\alpha_D$ = 146.1 for the $5f^{{10}} 6d^1$ configuration)}"
99;Es;[\citenum{Schwerdtfeger2019}];$--$;$118 \pm 20$;2019;recommended
100;Fm;[\citenum{Lide2004, Doolen1987}];$5f^{12}$;$161 \pm 40$;2004;R, Dirac, LDA
100;Fm;[\citenum{Dzuba2014}];$5f^{12}$;$113.4$;2014;"\makecell{R, Dirac, CI + MBPT + CP(RPA); \\($\alpha_D$ = 155.6 for the $5f^{{11}} 6d^1$ configuration)}"
100;Fm;[\citenum{Schwerdtfeger2019}];$--$;$113 \pm 20$;2019;recommended
101;Md;[\citenum{Lide2004, Doolen1987}];$5f^{13}$;$123 \pm 31$;2004;R, Dirac, LDA
101;Md;[\citenum{Dzuba2014}];$5f^{13}$;$109.4$;2014;"\makecell{R, Dirac, CI + MBPT + CP(RPA); \\($\alpha_D$ = 179.6 for the $5f^{{12}} 6d^1$ configuration)}"
101;Md;[\citenum{Schwerdtfeger2019}];$--$;$109 \pm 20$;2019;recommended
102;No;[\citenum{Lide2004, Doolen1987}];$^1S_0, 5f^{14}$;$118 \pm 30$;2004;R, Dirac, LDA
102;No;[\citenum{Thierfelder2009}];$^1S_0, 5f^{14}$;$110.8 \pm 5.5$;2009;R, Dirac + Gaunt, CCSD(T)
102;No;[\citenum{Thierfelder2009}];$^1S_0, 5f^{14}$;$115.64$;2009;R, DK, CCSD(T)
102;No;[\citenum{Dzuba2014}];$^1S_0, 5f^{14}$;$105.4$;2014;"\makecell{R, Dirac, CI + MBPT + CP(RPA); \\($\alpha_D$ = 267.8 for the $5f^{14} 7s 7p^1$ configuration)}"
102;No;[\citenum{Dzuba2014, Dzuba2014a}];$^1S_0, 5f^{14}$;$112 \pm 6$;2014;R, DF, CI + MBPT + Breit + QED
102;No;[\citenum{Dzuba2014, Dzuba2014a}];$^1S_0, 5f^{14}$;$110 \pm 8$;2014;R, DF, CI + all-order + Breit + QED
102;No;[\citenum{Dzuba2016b}];$^1S_0, 5f^{14}$;$114$;2016;R, RPA, PolPot
102;No;[\citenum{Yoshizawa2016}];$^1S_0, 5f^{14}$;$107.77$;2016;R, DFT, CAM-B3LYP, 2c-NESC
102;No;[\citenum{Martins2016}];$^1S_0, 5f^{14}$;$115.6$;2016;R, DFT, DKH, B3LYP
102;No;[\citenum{Schwerdtfeger2019}];$--$;$110 \pm 6$;2019;recommended
103;Lr;[\citenum{Dzuba2014a}];$7p^1$;$323 \pm 80$;2014;R, DF, CI + all-order + Breit + QED
103;Lr;[\citenum{Dzuba2014a}];$7p^1$;$320 \pm 80$;2014;R, DF, CI + MBPT + Breit + QED
103;Lr;[\citenum{Srivastava2016}];$7p^1$;$225.2$;2016;R, DK, DFT, CAM-B3LYP
103;Lr;[\citenum{Schwerdtfeger2019}];$--$;$320 \pm 20$;2019;recommended
104;Rf;[\citenum{Dzuba2014a}];$6d^2$;$107 \pm 5$;2014;R, DF, CI + MBPT + Breit + QED
104;Rf;[\citenum{Dzuba2014a}];$6d^2$;$115 \pm 13$;2014;R, DF, CI + all-order + Breit + QED
104;Rf;[\citenum{Schwerdtfeger2019}];$--$;$112 \pm 10$;2019;recommended
105;Db;[\citenum{Dzuba2016b}];$6d^3$;$42.5$;2016;R, RPA, PolPot
105;Db;[\citenum{Dzuba2016b}];$6d^3$;$42 \pm 4$;2016;R, RPA, PolPot (value recommended by authors)
105;Db;[\citenum{Schwerdtfeger2019}];$--$;$42 \pm 4$;2019;recommended
106;Sg;[\citenum{Dzuba2016b}];$6d^4$;$40.7$;2016;R, RPA, PolPot
106;Sg;[\citenum{Dzuba2016b}];$6d^4$;$40 \pm 4$;2016;R, RPA, PolPot (value recommended by authors)
106;Sg;[\citenum{Schwerdtfeger2019}];$--$;$40 \pm 4$;2019;recommended
107;Bh;[\citenum{Dzuba2016b}];$6d^5$;$38.4$;2016;R, RPA, PolPot
107;Bh;[\citenum{Dzuba2016b}];$6d^5$;$38 \pm 4$;2016;R, RPA, PolPot (value recommended by authors)
107;Bh;[\citenum{Schwerdtfeger2019}];$--$;$38 \pm 4$;2019;recommended
108;Hs;[\citenum{Dzuba2016b}];$6d^6$;$36.2$;2016;R, RPA, PolPot
108;Hs;[\citenum{Dzuba2016b}];$6d^6$;$36 \pm 4$;2016;R, RPA, PolPot (value recommended by authors)
108;Hs;[\citenum{Schwerdtfeger2019}];$--$;$36 \pm 4$;2019;recommended
109;Mt;[\citenum{Dzuba2016b}];$6d^7$;$34.2$;2016;R, RPA, PolPot
109;Mt;[\citenum{Dzuba2016b}];$6d^7$;$34 \pm 3$;2016;R, RPA, PolPot (value recommended by authors)
109;Mt;[\citenum{Schwerdtfeger2019}];$--$;$34 \pm 3$;2019;recommended
110;Ds;[\citenum{Dzuba2016b}];$6d^8$;$32.3$;2016;R, RPA, PolPot
110;Ds;[\citenum{Dzuba2016b}];$6d^8$;$32 \pm 3$;2016;R, RPA, PolPot (recommended value by authors)
110;Ds;[\citenum{Schwerdtfeger2019}];$--$;$32 \pm 3$;2019;recommended
111;Rg;[\citenum{Seth1996}];$6d^9$;$31.6$;1996;ARPP, CCSD(T)
111;Rg;[\citenum{Dzuba2016b}];$6d^9$;$30.6$;2016;R, RPA, PolPot
111;Rg;[\citenum{Dzuba2016b}];$6d^9$;$30 \pm 3$;2016;R, RPA, PolPot (value recommended by authors)
111;Rg;[\citenum{Schwerdtfeger2019}];$--$;$32 \pm 6$;2019;recommended
112;Cn;[\citenum{Seth1997}];$^1S_0, 6d^{10}$;$25.82$;1997;R, PP, CCSD(T)
112;Cn;[\citenum{Nash2005}];$^1S_0, 6d^{10}$;$28.68$;2005;R, SOPP, CCSD(T)
112;Cn;[\citenum{Pershina2008b}];$^1S_0, 6d^{10}$;$27.64$;2008;R, Dirac, CCSD(T)
112;Cn;[\citenum{Pershina2008b}];$^1S_0, 6d^{10}$;$27.40$;2008;R, Dirac, CCSD(T)
112;Cn;[\citenum{Dzuba2016b}];$^1S_0, 6d^{10}$;$28.2$;2016;R, RPA, PolPot
112;Cn;[\citenum{Dzuba2016b}];$^1S_0, 6d^{10}$;$28 \pm 4$;2016;R, RPA, PolPot (value recommended by authors)
112;Cn;[\citenum{Schwerdtfeger2019}];$--$;$28 \pm 2$;2019;recommended
112;Cn;[\citenum{Kumar2021}];$^1S_0, 6d^{10}$;$27.44 \pm 0.88$;2021;PRCC(T)+Breit+QED
113;Nh;[\citenum{Pershina2008a}];$^2P_{1/2}$;$29.85$;2008;R, Dirac, FS-CCSD
113;Nh;[\citenum{Dzuba2016}];$^2P_{1/2}$;$28.8$;2016;R, Dirac+Breit+QED, SD+CI, RPA
113;Nh;[\citenum{Schwerdtfeger2019}];$--$;$29 \pm 2$;2019;recommended
114;Fl;[\citenum{Nash2005}];$^3P_0$;$34.35$;2005;R, SOPP, CCSD(T)
114;Fl;[\citenum{Thierfelder2008}];$^3P_0$;$31.87$;2008;R, Dirac + Gaunt, CCSD(T)
114;Fl;[\citenum{Pershina2008b}];$^3P_0$;$30.59$;2008;R, Dirac, CCSD(T)
114;Fl;[\citenum{Pershina2008b}];$^3P_0$;$29.52$;2008;estimate
114;Fl;[\citenum{Thierfelder2008}];$^3P_0$;$31.0$;2008;R, Dirac + Gaunt, CCSD(T)
114;Fl;[\citenum{Dzuba2016}];$^3P_0$;$31.4$;2016;R, Dirac + Breit + QED, SD + CI, RPA
114;Fl;[\citenum{Schwerdtfeger2019}];$--$;$31 \pm 4$;2019;recommended
115;Mc;[\citenum{Pershina2014}];$^4S_{3/2}$;$66$;2014;Estimated via correlation with $R_\text{max}(np_{3/2})$
115;Mc;[\citenum{Dzuba2016}];$^4S_{3/2}$;$70.5$;2016;R, Dirac + Breit + QED, SD + CI, RPA
115;Mc;[\citenum{Schwerdtfeger2019}];$--$;$71 \pm 20$;2019;recommended
116;Lv;[\citenum{Pershina2014}];$^3P_2$;$61.17$;2014;Estimated via correlation with $R_\text{max}(np_{3/2})$
116;Lv;[\citenum{Schwerdtfeger2019}];$--$;$67 \pm 10$;2019;recommended
117;Ts;[\citenum{Pershina2014}];$^2P_{3/2}$;$52.24$;2014;Estimated via correlation with $R_\text{max}(np_{3/2})$
117;Ts;[\citenum{deFarias2017}];$^2P_{3/2}$;$76.3$;2017;empirical estimate
117;Ts;[\citenum{Schwerdtfeger2019}];$--$;$76 \pm 15$;2019;recommended
118;Og;[\citenum{Nash2005}];$^1S_0$;$52.4$;2005;R, SOPP, CCSD(T)
118;Og;[\citenum{Pershina2008}];$^1S_0$;$46.33$;2008;R, Dirac, CCSD(T)
118;Og;[\citenum{Dzuba2016b}];$^1S_0$;$59.0/57.2$;2016;R, RPA, PolPot
118;Og;[\citenum{Dzuba2016b}];$^1S_0$;$57 \pm 3$;2016;R, RPA, PolPot
118;Og;[\citenum{Jerabek2018}];$^1S_0$;$57.98$;2018;R, Dirac + Gaunt, CCSD(T)
118;Og;[\citenum{Schwerdtfeger2019}];$--$;$58 \pm 6$;2019;recommended
118;Og;[\citenum{Kumar2021}];$^1S_0$;$56.5 \pm 1.8$;2021;PRCC(T)+Breit+QED
119;Uue;[\citenum{Lim1999}];$^2S$;$169$;1999;R, Dirac, CCSD(T)
119;Uue;[\citenum{Lim2005}];$^2S$;$163.7$;2005;R, DK, CCSD(T), ARPP
119;Uue;[\citenum{Lim2005}];$^2S$;$166.0$;2005;R, DK, CCSD(T), AE
119;Uue;[\citenum{Borschevsky2013}];$^2S_{1/2}$;$169.7$;2013;R, Dirac, CCSD(T)
119;Uue;[\citenum{Schwerdtfeger2019}];$--$;$169 \pm 4$;2019;recommended
120;Ubn;[\citenum{Borschevsky2013a}];$^1S_0$;$162.6$;2013;R, Dirac + Gaunt, CCSD(T)
120;Ubn;[\citenum{Dzuba2016b}];$^1S_0$;$147$;2016;R, RPA, PolPot
120;Ubn;[\citenum{Dzuba2016b}];$^1S_0$;$159 \pm 10$;2016;R, RPA, PolPot
120;Ubn;[\citenum{Schwerdtfeger2019}];$--$;$159 \pm 10$;2019;recommended
