ISBN,Title,product_line,public_domain_work,royaltied,self,Series Name,Series Number
9.78E+12,'It Was Compromised': The Trump Administration's Unprecedented Campaign to Control CDC and Politicize Public Health During the Coronavirus Crisis,Science Phile,TRUE,FALSE,,,
9.78E+12,a Blue Arctic,Naval History,TRUE,FALSE,AI Lab for Book-Lovers,9,
9.78E+12,A Day Book with Prompts,Self-help,FALSE,FALSE,TRUE,,
9.78E+12,"A Priceless Advantage: U.S. Navy Communications Intelligence and the Battles of Coral Sea, Midway, and the Aleutians",Naval History,TRUE,FALSE,,,
9.78E+12,A Quarterly Day Book With Prompts and Tools,Self-help,FALSE,FALSE,TRUE,,
9.78E+12,A Serendipity Reader on Deutschland,Naval History,FALSE,FALSE,TRUE,,
9.78E+12,A Serendipity Reader on Frigates,Naval History,FALSE,FALSE,TRUE,,
9.78E+12,A Serendipity Reader on Milkweed,Science Phile,FALSE,FALSE,TRUE,,
9.78E+12,Misquotes in MISQUOTING JESUS: Why You Can Still Believe,Christian Themes,FALSE,TRUE,,,
9.78E+12,A Serendipity Reader on Mindfulness,Self-help,FALSE,FALSE,TRUE,,
9.78E+12,A Serendipity Reader on Serendipity,Self-help,FALSE,FALSE,TRUE,,
9.78E+12,Alien: How Operational Art Devoured Strategy,Military Public Domain,TRUE,FALSE,,,
9.78E+12,Alliance For Hippocratic Medicine v. FDA,Law,TRUE,FALSE,,,
9.78E+12,Amalgamated International and U.S. Inland Navigation Rules,Coast Guard,TRUE,FALSE,,,
9.78E+12,GLOBALISTAN: An Antidote to THE WORLD IS FLAT,International Politics,FALSE,TRUE,,,
9.78E+12,Daniel Defoe's Robinson Crusoe and Alexander Selkirk,Classics,FALSE,TRUE,,,
9.78E+12,"AMERICAN THEOCRACY Unpacked: Arguments Disassembled, Implications Explored, and a Way Forward Suggested",Politics,FALSE,FALSE,TRUE,,
9.78E+12,"Bearing the Unbearable: Coping with Infertility and Other Profound Suffering, or What to Do When Taking Charge of Your Fertility Fails",Christian Themes,FALSE,TRUE,,,
9.78E+12,The JESUS FAMILY TOMB Controversy: How the Evidence Falls Short,Christian Themes,FALSE,TRUE,,,
9.78E+12,A Fandom of Magical Proportions: An Unauthorized History of The Harry Potter Phenomenon,Harry Potter,FALSE,TRUE,,,
9.78E+12,Red Zone Blues: a snapshot of Baghdad during the surge,International Politics,FALSE,TRUE,,,
9.78E+12,An Administrative History of Pts in World War II,Torpedo Boats,TRUE,FALSE,,,
9.78E+12,Azkatraz 2009: Inside the Cell,Popular Culture,FALSE,TRUE,,,
9.78E+12,The Ultimate Unofficial Guide to The Harry Potter Fandom,Harry Potter,FALSE,TRUE,,,
9.78E+12,An Analysis Of The Origins Of The Covid-19 Pandemic,Science Phile,TRUE,FALSE,,AI Lab for Book-Lovers,10
9.78E+12,Analysis of Unmanned Undersea Vehicle (Uuv) Architectures and an Assessment of Uuv Integration Into Undersea Applications,Naval History,TRUE,FALSE,,,
9.78E+12,The Young Conservative's Field Guide,Politics,FALSE,TRUE,,,
9.78E+12,Professor Barrister's Dinosaur Mysteries #1: The Case Of The Truncated Troodon,Children's Books,FALSE,TRUE,,,
9.78E+12,Journey to the End of the Earth: WW2 Wargames in the Frozen North,Naval History,FALSE,TRUE,,,
9.78E+12,Annotated Bibliography of the Space Shuttle (Two Volumes),Space Power,TRUE,FALSE,,,
9.78E+12,Aquiline: The CIA's Bird Drone Program,Intelligence,TRUE,FALSE,,,
9.78E+12,Cold War Saga,International Politics,FALSE,TRUE,,,
9.78E+12,THE LOST SYMBOL -- Found: Unauthorized Analysis of Dan Brown's Novel,Popular Culture,FALSE,TRUE,,,
9.78E+12,THE LOST SYMBOL -- Found: Unauthorized Analysis of Dan Brown's Novel,Popular Culture,FALSE,TRUE,,,
9.78E+12,Army Air Force Special Operations in the Balkans During World War II,Military Public Domain,TRUE,FALSE,,,
9.78E+12,The Young Conservative's Field Guide,Politics,FALSE,TRUE,,,
9.78E+12,Arsenal Ship Omnibus,Naval History,TRUE,FALSE,TRUE,,
9.78E+12,Basic Documents about the Treatment of Detainees at Guantanamo and Abu Ghraib,Law,TRUE,FALSE,TRUE,,
9.78E+12,Skeeter Uses Manners (Skeeter Sneeter Doodlebop #2),Children's Books,FALSE,TRUE,,,
9.78E+12,Professor Barrister's Dinosaur Mysteries #2: The Case of the Armored Allosaurus,Children's Books,FALSE,TRUE,,,
9.78E+12,You've Got to Stand for Something: A Guide to Understanding and Restoring America's Founding Principles,Politics,FALSE,TRUE,,,
9.78E+12,Battleship YAMATO: Why She Matters Today,Battleships,FALSE,FALSE,TRUE,,
9.78E+12,"BB-67 Montana, U.S. Navy Battleship: Why She Matters Today",Battleships,FALSE,FALSE,TRUE,,
9.78E+12,Bombs from On High,Military History,TRUE,FALSE,,AI Lab for Book-Lovers,13
9.78E+12,Borodino: Why It Matters Today,Napoleonics,FALSE,FALSE,TRUE,,
9.78E+12,Bureau 39: North Korea's Super Criminals,Military Public Domain,TRUE,FALSE,,,
9.78E+12,Capitol Attack,Law,TRUE,FALSE,,,
9.78E+12,Chief of Space Operations' Planning Guidance:,Space Power,TRUE,FALSE,,,
9.78E+12,Chronology of the U.S. Army in World War II,Military Public Domain,TRUE,FALSE,,,
9.78E+12,Coalition Space Operations,Space Power,TRUE,FALSE,,,
9.78E+12,Coast Guard Navigation Standards:,Coast Guard,TRUE,FALSE,,,
9.78E+12,"Command and Control of the First Modern Joint Campaign: The German Invasion of Denmark and Norway, April 1940",Military Public Domain,TRUE,FALSE,,,
9.78E+12,Command Investigation Concerning Chain Of Command Actions With Regard To COVID-19 Onboard USS Theodore Roosevelt (CVN 71),Naval History,TRUE,FALSE,,,
9.78E+12,Commandant's Planning Guidance: ,Naval History,TRUE,FALSE,,,
9.78E+12,"Confidential Human Source Policy Guide [Annotated]: 1018 PG; May 21, 2019",Intelligence,TRUE,FALSE,,AI Lab for Book-Lovers,28
9.78E+12,The Russia-Georgia War,Military History,FALSE,TRUE,,,
9.78E+12,2030,International Politics,FALSE,TRUE,,,
9.78E+12,"Cool Maps for Curious Kids #2: Afghanistan, an Unauthorized Tour of the Land of a Thousand Splendid Suns and the Kite Runner",Cool Maps,FALSE,FALSE,TRUE,,
9.78E+12,Cool Maps of Baghdad: the Emerald City and other cities of Iraq,Cool Maps,FALSE,FALSE,TRUE,,
9.78E+12,"Cool Maps of Cuba: An Atlas of History, Population, Resources Before and After Fidel Castro",Cool Maps,FALSE,FALSE,TRUE,,
9.78E+12,Cool Maps of France: Paris and Beyond,Cool Maps,FALSE,FALSE,TRUE,,
9.78E+12,Cool Maps of France's Overseas Territories and Departments,Cool Maps,FALSE,FALSE,TRUE,,
9.78E+12,"Cool Maps of Indonesia: An Unauthorized View of the Land of EAT, PRAY, LOVE",Cool Maps,FALSE,FALSE,TRUE,,
9.78E+12,"Cool Maps of Iran: Persian History, Oil Wealth, Politics, Population, Religion, Satellite, WMD and More",Cool Maps,FALSE,FALSE,TRUE,,
9.78E+12,"Cool Maps of Iraq: History, Oil Wealth, Politics, Population, Religion, Satellite, and More",Cool Maps,FALSE,FALSE,TRUE,,
9.78E+12,The World Wonder'd: What Really Happened Off Samar,Naval History,FALSE,TRUE,,,
9.78E+12,Packed and Loaded: Conversations with James M. Cain,Biographies & Memoirs,FALSE,TRUE,,,
9.78E+12,Age of Ice and Steel,Fiction,FALSE,TRUE,,,
9.78E+12,Crete: The Graveyard of the Fallschirmjger,Military Public Domain,TRUE,FALSE,,,
9.78E+12,Current Tactical Orders and Doctrine,Naval History,TRUE,FALSE,,AI Lab for Book-Lovers,15
9.78E+12,"CVN-68 NIMITZ, U.S. Navy Aircraft Carrier",Modern Warships,FALSE,FALSE,TRUE,,
9.78E+12,CVN-69 DWIGHT D. EISENHOWER: U.S. Navy Aircraft Carrier,Modern Warships,FALSE,FALSE,TRUE,,
9.78E+12,"CVN-70 CARL VINSON, U.S. Navy Aircraft Carrier",Modern Warships,FALSE,FALSE,TRUE,,
9.78E+12,"CVN-71 THEODORE ROOSEVELT, U.S. Navy Aircraft Carrier",Modern Warships,FALSE,FALSE,TRUE,,
9.78E+12,"CVN-72 ABRAHAM LINCOLN, U.S. Navy Aircraft Carrier",Modern Warships,FALSE,FALSE,TRUE,,
9.78E+12,"CVN-73 GEORGE WASHINGTON, U.S. Navy Aircraft Carrier",Modern Warships,FALSE,FALSE,TRUE,,
9.78E+12,"CVN-74 JOHN C. STENNIS, U.S. Navy Aircraft Carrier",Modern Warships,FALSE,FALSE,TRUE,,
9.78E+12,The Essential Saker: from the trenches of the emerging multipolar world,International Politics,FALSE,TRUE,,,
9.78E+12,"CVN-75 HARRY S. TRUMAN, U.S. Navy Aircraft Carrier",Modern Warships,FALSE,FALSE,TRUE,,
9.78E+12,"CVN-76 RONALD REAGAN, U.S. Navy Aircraft Carrier",Modern Warships,FALSE,FALSE,TRUE,,
1934840068,"CVN-77 GEORGE H. W. BUSH, U.S. Navy Aircraft Carrier (Colorful Ships #3)",Naval History,FALSE,FALSE,TRUE,Cool Ships,
9.78E+12,Professor Barrister's Dinosaur Mysteries #3: The Case of the Enormous Eoraptor,Children's Books,FALSE,TRUE,,,
9.78E+12,Ultimate Guide to Harry Potter Fandom: Book One,Harry Potter,FALSE,TRUE,,,
9.78E+12,"CVN-78 GERALD R. FORD, U.S. Navy Aircraft Carrier",Modern Warships,FALSE,FALSE,TRUE,,
9.78E+12,"Ddg-81 Winston S. Churchill, U.S. Navy Destroyer",Modern Warships,FALSE,FALSE,TRUE,,
9.78E+12,Yuri the Lion: Three Stories,Children's Books,FALSE,TRUE,,,
9.78E+12,Department of Defense Law of War Manual,Law,TRUE,FALSE,,,
9.78E+12,Designing a Laser for the Littoral Combat Ship,Naval History,TRUE,FALSE,,,
9.78E+12,Domestic Investigations and Operations Guide,Intelligence,TRUE,FALSE,,,
9.78E+12,Building the PT Boats: An Illustrated History of U.S. Navy Torpedo Boat Construction in World War II,Torpedo Boats,FALSE,TRUE,,,
9.78E+12,Globalistan: An Antidote to the World Is Flat,International Politics,FALSE,TRUE,FALSE,,
9.78E+12,Brave Just Like Me Keepsake Edition,Children's Books,FALSE,TRUE,,,
9.78E+12,In the Shadow of the Battleship: Considering the Cruisers of World War II,Naval History,FALSE,TRUE,,,
9.78E+12,Dark Navy: The Italian Regia Marina and the Armistice of 8 September 1943,Naval History,FALSE,TRUE,,,
9.78E+12,Blood on Our Hands: The American Invasion and Destruction of Iraq,International Politics,FALSE,TRUE,,,
9.78E+12,Doubling The Fleet: An Analysis of the Causal Factors Behind the U.S. Navy's Warship Building Program from 1933-1941,Naval History,TRUE,FALSE,,,
9.78E+12,Capital Ships of the Imperial Japanese Navy 1868-1945: The Yamato Class and Subsequent Planning,Naval History,FALSE,TRUE,,,
9.78E+12,Eccentric Dictionaries: An Experiment In AI-Enhanced Human Creativity,Reference,TRUE,FALSE,,Eccentric Dictionaries,1
9.78E+12,Empire Maintenance in the Information Age: Influence of Mediaverse on Strategy,Military History,TRUE,FALSE,AI Lab for Book-Lovers,27,
9.78E+12,EP-3E Collision [2001]: Cryptologic Damage Assessment And Incident Review Final Report,Intelligence,TRUE,FALSE,,,
9.78E+12,European Axis Signal Intelligence in World War II,Intelligence,TRUE,FALSE,,,
9.78E+12,European USSR Coasts and Landing Zones: NATO Invasion Targets During the Cold War,Naval History,TRUE,FALSE,AI Lab for Book-Lovers,,
9.78E+12,Falling from Grace: The German Airborne (Fallschirmjager) in World War II,Military Public Domain,TRUE,FALSE,,,
9.78E+12,FBI Whistleblowers: What Their Disclosures Indicate About The Politicization Of The FBI And Justice Department: Republican Staff Report,Law,TRUE,FALSE,,,
9.78E+12,"Fifty Years of Flight Research: An Annotated Bibliography of Technical Publications of NASA Dryden Flight Research Center, 1946-1996",Military Public Domain,TRUE,FALSE,,,
9.78E+12,Freyburg's Failure at Crete: A Close-Run Thing,Military Public Domain,TRUE,FALSE,,,
9.78E+12,From Gaza to the Peloponnessian War: Maritime Irregular Warfare,Military Public Domain,TRUE,FALSE,,,
9.78E+12,German Underwater Ordnance Mines (Kriegsmarine Technical Studies),Military Public Domain,TRUE,FALSE,,,
9.78E+12,"Glossaries of Nautical Terms: English to Chinese (Simplified), Creole, French, Italian, Japanese, Korean, Polish, Portugese, Russian, Spanish",Naval History,TRUE,FALSE,,,
9.78E+12,Finding Meaning in Narnia: A Voyage on the Dawn Treader,Christian Themes,FALSE,TRUE,,,
9.78E+12,MTBSTC: Motor Torpedo Boat Squadrons Center,Torpedo Boats,FALSE,TRUE,,,
9.78E+12,GOP Witnesses: What Their Disclosures Indicate About The State Of The Republican Investigations,Law,TRUE,FALSE,,,
9.78E+12,Thunder in its Courses: Essays on the Battlecruiser,Naval History,FALSE,TRUE,,,
9.78E+12,Rising Storm: Battle of the Atlantic 1939-1940 (Naval Wargaming Rules),Naval History,FALSE,TRUE,,,
9.78E+12,GRU Cybervillains: The DOJ Indictment Against Six Russian ,Law,TRUE,FALSE,FALSE,,
9.78E+12,A Dictionary of Deception: The Tools  That You Need  to Overcome the Semantactical Games Played by Exploitative Elites,Politics,FALSE,TRUE,,,
9.78E+12,Brave Just Like Me,Children's Books,FALSE,TRUE,,,
9.78E+12,Silly Rhymes for Fun Times,Children's Books,FALSE,TRUE,,,
9.78E+12,"The Definitive Illustrated History of the Torpedo Boat, Volume XI: Indexes (The Ship Killers)",Torpedo Boats,FALSE,TRUE,,,
9.78E+12,Secrets of the Modern World: Thomas Malthus,Biographies & Memoirs,FALSE,TRUE,,,
9.78E+12,Professor Barrister's Dinosaur Mysteries #4: The Case of the Colorful Caudipteryx,Children's Books,FALSE,TRUE,,,
9.78E+12,Secrets of the Modern World: Yukichi Fukuzawa,Biographies & Memoirs,FALSE,TRUE,,,
9.78E+12,The Royal Navy's Revenge and Other Little-Known Encounters of the War at Sea,Naval History,FALSE,TRUE,,,
9.78E+12,Guide to Captured German Documents [World War II Bibliography],Military Public Domain,TRUE,FALSE,,,
9.78E+12,Re-reading A GAME OF THRONES: A Critical Response to George R.R. Martin's Fantasy Classic,Popular Culture,FALSE,TRUE,,,
9.78E+12,Citizen Arianna: The Huffington Post / AOL Merger: Triumph or Tragedy?,Politics,FALSE,TRUE,,,
9.78E+12,"Guides to Captured German Documents Microfilmed at Alexandria, Virginia",Military History,TRUE,FALSE,FALSE,,
9.78E+12,Halsey's Decision: Organizational Failure at Leyte Gulf,Naval History,FALSE,FALSE,FALSE,,
9.78E+12,Halsey's Decision: Organizational Failure at Leyte Gulf,Naval History,FALSE,FALSE,FALSE,,
9.78E+12,Brave Just Like Me,Children's Books,FALSE,TRUE,,,
9.78E+12,Historical Bibliography of Sea Mine Warfare,Military Public Domain,TRUE,FALSE,,,
9.78E+12,History of Gun-Type Artillery-Fired Atomic Projectiles:,Bomb Histories,TRUE,FALSE,FALSE,,
9.78E+12,"History Of Gun-Type Bombs And Warheads: Mks 8, 10 and 11",Bomb Histories,TRUE,FALSE,FALSE,,
9.78E+12,"History of On-Orbit Satellite Fragmentations, 16th Edition",Space Power,TRUE,FALSE,,,
9.78E+12,History of the Indian tribes of North America [Single-Volume Facsimile Edition]: with Biographical Sketches and Anecdotes of the Principal Chiefs,History,TRUE,FALSE,,,
9.78E+12,History of the Mk 25 Warhead: Code Name DING DONG,Bomb Histories,TRUE,FALSE,FALSE,,
9.78E+12,"Hitler, Hussein, and the Crazy State: Why Strategic Rationality Is Not Enough",Military Public Domain,TRUE,FALSE,,,
9.78E+12,Hitler's Malta Option: A Comparison of the Invasion of Crete (Operation Merkur) and the Proposed Invasion of Malta (Operation Hercules),Military Public Domain,TRUE,FALSE,,,
9.78E+12,The Art of War of Bernadotte,Napoleonics,FALSE,TRUE,FALSE,,
9.78E+12,Re-Reading Harry Potter and the Deathly Hallows,Popular Culture,FALSE,TRUE,,,
9.78E+12,Hypochondriac's Guide to Hoodia Gordonii H 57,Science Phile,TRUE,FALSE,TRUE,,
9.78E+12,Illicit Finance Risk Assessment of Decentralized Finance,Government,TRUE,FALSE,,,
9.78E+12,Imperial Japanese Navy 1932-1945 Warships and Colours: With Japanese Army Vessels and Three Special Bonus Pages,Naval History,FALSE,TRUE,,,
9.78E+12,Index of Oral Histories Relating to Naval Research and Development,Naval History,TRUE,FALSE,AI Lab for Book-Lovers,,
9.78E+12,Instructions Concerning the Duties of Light Infantry in the Field,Military Public Domain,TRUE,FALSE,,,
9.78E+12,"Investigation and Review of the Federal Bureau of Prisons' Custody, Care, and Supervision of Jeffrey Epstein at the Metropolitan Correctional Center in New York, New York",Law,TRUE,FALSE,,,
9.78E+12,Investigation Of Competition In Digital Markets: ,Law,TRUE,FALSE,FALSE,,
9.78E+12,Dictionary of Automatic Ideas: A New Translation Bringing Flaubert into the 21st Century,Literature,FALSE,TRUE,,,
9.78E+12,PT Boats Behind The Scenes,Torpedo Boats,FALSE,TRUE,,,
9.78E+12,"Investigation of Forrestal Fire: Copy of findings, recommendations and opinions of investigation into fire on board USS Forrestal (CVA 59)",Naval History,TRUE,FALSE,,,
9.78E+12,Jane's Fighting Ships 1900 (facsimile edition),Naval History,TRUE,FALSE,FALSE,,
9.78E+12,"Jane's Fighting Ships 1904. (Naval Encyclopedia and Year Book): Facsimile Edition. Volume 1 of 2.  England, France, Germany, Russia.",Naval History,TRUE,FALSE,,,
9.78E+12,"Jane's Fighting Ships 1904. (Naval Encyclopedia and Year Book): Facsimile Edition. Volume 2 of 2.  United States, Japan, Italy, Austria-Hungary, Coast Defense Navies, Minor Navies, topical surveys.",Naval History,TRUE,FALSE,,,
9.78E+12,Jane's Fighting Ships 1920 (facsimile edition),Naval History,TRUE,FALSE,,,
9.78E+12,Lessons and Conclusions From the History of Navy and Military Doctrinal Development,Naval History,TRUE,FALSE,,AI Lab for Book-Lovers,16
9.78E+12,Light Infantry Forces: A Bibliography,Military History,TRUE,FALSE,FALSE,,
9.78E+12,FLEETS OF WORLD WAR II: Design History and Analysis for Every Ship of Every Navy (Revised Edition),Naval History,FALSE,TRUE,,,
9.78E+12,Light Infantry: A Historical Perspective,Military Public Domain,TRUE,FALSE,,,
9.78E+12,"Liveblogging BLACKWATER by Jeremy Scahill: Unauthorized Color Commentary, Maps, and Images",Military History,FALSE,FALSE,TRUE,,
9.78E+12,Lloyd's Register of British and Foreign Shipping [1890]: Universal Register [Volume 1 of 2],Naval History,TRUE,FALSE,In the Year 1890,3,
9.78E+12,Empire of Chaos,International Politics,FALSE,TRUE,,,
9.78E+12,Battleship Victory: Principles of Sea Power in the War in the Pacific,Naval History,FALSE,TRUE,,,
9.78E+12,Lloyd's Register of British and Foreign Shipping [1890]: Universal Register [Volume 2 of 2],Naval History,TRUE,FALSE,In the Year 1890,4,
9.78E+12,Manhattan District History: Book I - General; Volume I - Genera,Manhattan Project,TRUE,FALSE,,,
9.78E+12,Manhattan District History: General Index,Manhattan Project,TRUE,FALSE,,,
9.78E+12,2030,International Politics,FALSE,TRUE,,,
9.78E+12,Memories and Records: the Lord FIsher Omnibus,Naval History,TRUE,FALSE,FALSE,,
9.78E+12,Motor Torpedo Boat Manual,Torpedo Boats,TRUE,FALSE,FALSE,,
9.78E+12,Movement And Maneuver In Deep Space: A Framework to Leverage Advanced Propulsion,Space Power,TRUE,FALSE,,Space Power,6
9.78E+12,Napoleon In Moscow: Why It Matters Today,Napoleonics,FALSE,FALSE,TRUE,,
9.78E+12,Napoleon's Cavalry: A Key Element to Decisive Victory,Military Public Domain,TRUE,FALSE,,,
9.78E+12,NASA Historical Investigation Into James E. Webb's Relationship To The Lavender Scare,Space Power,TRUE,FALSE,,,
9.78E+12,National Security Strategy,Military History,TRUE,FALSE,,,
9.78E+12,Navigation Rules and Regulations Handbook: ,Coast Guard,TRUE,FALSE,,,
9.78E+12,New Research on the Voynich Manuscript,Intelligence,TRUE,FALSE,,,
9.78E+12,Night Attack by a Soviet Battalion,Military History,TRUE,FALSE,,AI Lab for Book-Lovers,11
9.78E+12,Pieces of History: Artifacts of the PT Boat Navy,Torpedo Boats,FALSE,TRUE,,,
9.78E+12,"No-Fly Zones:Strategic, Operational, and Legal Considerations for Congress",Military History,TRUE,FALSE,FALSE,,
9.78E+12,"Obama's Nuclear Posture Review: Or, We Won't Nuke You Unless You Are a Really Bad Country, or We Change Our Minds",Military Public Domain,TRUE,FALSE,,,
9.78E+12,Oops! Boom!  An Analysis of Fratricide in US Naval Surface and Submarine Forces in World War II,Military Public Domain,TRUE,FALSE,,,
9.78E+12,"Operation Sea Lion: A Joint Critical Analysis, Or, How Hitler Could Have Won, If He Were More Joint",Military Public Domain,TRUE,FALSE,,,
9.78E+12,Operation Weseruebung: The Dawn of Decisive Airpower in Joint Military Operations,Military Public Domain,TRUE,FALSE,,,
9.78E+12,Osama Bin Laden: A Case Study,Military History,TRUE,FALSE,FALSE,,
9.78E+12,Our Colorful Moon: Beautiful Images to Energize and Delight,Science Phile,FALSE,FALSE,TRUE,,
9.78E+12,Our Splendid Sun: Cool Science Images for Curious Kids #1,Science Phile,FALSE,FALSE,TRUE,,
9.78E+12,Pictorial Record: The War Against Japan (United States Army in World War II),Military Public Domain,TRUE,FALSE,,,
9.78E+12,Pieces of History: Artifacts of the PT Boat Navy,Torpedo Boats,FALSE,TRUE,,,
9.78E+12,Pillars of Russia's Disinformation and Propaganda Ecosystem: Annotated in the AI Lab at NimbleBooks.com,Intelligence,TRUE,FALSE,Russia Public Domain,1,
9.78E+12,Playbook For Early Response To High-Consequence Emerging Infectious Disease Threats And Biological Incidents ,Politics,TRUE,FALSE,FALSE,,
9.78E+12,Football Nomad,Sports,FALSE,TRUE,,,
9.78E+12,Record of Proceedings of SCORPION Inquiry,Naval History,TRUE,FALSE,FALSE,,
9.78E+12,Record of Proceedings of THRESHER Inquiry ,Naval History,TRUE,FALSE,FALSE,,
9.78E+12,"Report Of Investigation: Security Failures At The United States Capitol On January 6, 2021",Law,TRUE,FALSE,,AI Lab for Book-Lovers,11
9.78E+12,Report of Operation HighJump:,Naval History,TRUE,FALSE,FALSE,,
9.78E+12,Report on Digital Asset Financial Stability Risks and Regulation 2022,Law,TRUE,FALSE,,AI Lab for Book-Lovers,12
9.78E+12,Report on Matters Related to Intelligence Activities and Investigations Arising Out of the 2016 Presidential Campaigns [Annotated],Intelligence,TRUE,FALSE,AI Lab for Book-Lovers,25,
9.78E+12,Reports on the Collisions of USS McCain and USS Fitzgerald (Foia ...,Naval History,TRUE,FALSE,FALSE,,
9.78E+12,"Reread THE DEATHLY HALLOWS Today! with unauthorized, pithy, chapter-by-chapter perspectives",Popular Culture,FALSE,FALSE,TRUE,,
9.78E+12,Rise of the Drones: Unmanned Systems and the Future of War,Military History,TRUE,FALSE,FALSE,,
9.78E+12,Russian Active Measures Campaigns and Interference,Intelligence,TRUE,FALSE,,,
9.78E+12,Russian Active Measures Campaigns and Interference: Volume 5: Counterintelligence Threats and Vulnerabilities,Intelligence,TRUE,FALSE,,,
9.78E+12,Sandy Berger Should Be In Jail,Politics,TRUE,FALSE,TRUE,,
9.78E+12,"Sea-Based Airpower - The Decisive Factor in Expeditionary Operations? (Norway, 1940; Falkland Islands, 1982)",Military Public Domain,TRUE,FALSE,,,
9.78E+12,"Self-Inflicted Wound Allied Defeat in Crete, May 1941",Military Public Domain,TRUE,FALSE,,,
9.78E+12,"Should Barack Obama Be President? Dreams from My Father, Audacity of Hope, ... Obama in '08?",Politics,FALSE,FALSE,TRUE,,
9.78E+12,"Small Combatants for the Homeland Mission: Littoral Combat Ships, Frigates, and Corvettes",Naval History,TRUE,FALSE,,,
9.78E+12,So Much for Democracy: Citizens United v. Federal Election Commission,Law,TRUE,FALSE,FALSE,,
9.78E+12,Soviet Space Technology: What We Thought We Knew in 1959,Space Power,TRUE,FALSE,Space Power,,
9.78E+12,Spacepower: Doctrine for Space Forces,Space Power,TRUE,FALSE,FALSE,,
9.78E+12,Spar-torpedo instructions for the United States Navy,Naval History,TRUE,FALSE,,,
9.78E+12,"SSN-23 JIMMY CARTER, U.S. Navy Submarine (Seawolf class)",Modern Warships,FALSE,FALSE,TRUE,,
9.78E+12,State of the Art of Algorithmic Book Publishing 2024,Technology,TRUE,FALSE,,,
9.78E+12,State of Washington v. US Food & Drug Administration [Annotated],Law,TRUE,FALSE,AI Lab for Book-Lovers,24,
9.78E+12,Steele Dossier Corroboration Spreadsheet: ,Politics,TRUE,FALSE,FALSE,,
9.78E+12,Stellar Atmospheres: A Contribution To The Observational Study Of High Temperature In The Reversing Layers Of Stars,Science Phile,TRUE,FALSE,AI Lab for Book-Lovers,20,
9.78E+12,Strategic Airpower Elements in Interwar German Air Force Doctrine,Military Public Domain,TRUE,FALSE,,,
9.78E+12,Strategic Satellite Systems in a Post-Cold-War Environment,Space Power,TRUE,FALSE,,,
9.78E+12,The Handbook of Fifth-Generation Warfare (5gw),Strategy,FALSE,TRUE,,,
9.78E+12,Submarine Warfare in the 20th and 21st Centuries - A Bibliography,Military Public Domain,TRUE,FALSE,,,
9.78E+12,Suicide Bombers in CONUS,Military History,TRUE,FALSE,,,
9.78E+12,Survival: Training Edition: AF Manual 64-3,Military History,TRUE,FALSE,FALSE,,
9.78E+12,Tactical Nuclear Weapons In Southeast Asia,Military History,TRUE,FALSE,,AI Lab for Book-Lovers,10
9.78E+12,Technical Articles about the Voynich Manuscript ,Intelligence,TRUE,FALSE,,,
9.78E+12,Ten Propositions Regarding Air Power,Military History,TRUE,FALSE,,,
9.78E+12,Ten Propositions Regarding Space Power,Space Power,TRUE,FALSE,FALSE,,
9.78E+12,Ten Propositions Regarding Space Power,Space Power,TRUE,FALSE,,Space Power,4
9.78E+12,The Beauties of Shakspear,Literature,TRUE,FALSE,FALSE,,
9.78E+12,The Collected Papers of Frederic William Maitland,Law,TRUE,FALSE,FALSE,,
9.78E+12,The Collected Papers of Frederic William Maitland (Volume II),Law,TRUE,FALSE,FALSE,,
9.78E+12,The Collected Papers of Frederic William Maitland (Volume III),Law,TRUE,FALSE,FALSE,,
9.78E+12,The EXXON Valdez Oil Spill a Report to the President,Epic Fails,TRUE,FALSE,FALSE,,
9.78E+12,"The Family Jewels: Declassified Documents Released by the CIA under the Freedom of Information Act, June 2007",Military Public Domain,TRUE,FALSE,,,
9.78E+12,The Ghosts of Stalingrad:  Why the Airlift Didn't Work,Military History,TRUE,FALSE,FALSE,,
9.78E+12,"Revolutionary Strategies in Early Christianity: 4th Generation Warfare (4GW) Against the Roman Empire, and the Counterinsurgency (COIN) Campaign to Save It",Strategy,FALSE,TRUE,FALSE,,
9.78E+12,"War Bots: How U.S. Military Robots Are Transforming War in Iraq, Afghanistan, and the Future",Modern Weapons,FALSE,TRUE,,,
9.78E+12,Iowa Class Battleships and Alaska Class Large Cruisers Conversion Projects 1942-1964: An Illustrated Technical Reference,Naval History,FALSE,TRUE,,,
9.78E+12,"Through Stranger Eyes: Reviews, Introductions, Tributes & Iconoclastic Essays",Science Fiction,FALSE,TRUE,,,
9.78E+12,The Unauthorized Harry Potter Quiz Book: 165 Questions Ranging from The Sorcerer's Stone to The Deathly Hallows,Harry Potter,FALSE,TRUE,,,
9.78E+12,"The John Boyd Roundtable: Debating Science, Strategy, and War",Strategy,FALSE,TRUE,,,
9.78E+12,THE SHACK: Unauthorized Theological Critique,Christian Themes,FALSE,TRUE,,,
9.78E+12,"A Marine of the Imperial Guard: Eyewitness to the French Failure in Spain, 1808",Napoleonics,FALSE,TRUE,,,
9.78E+12,"We Tried to Warn You: Innovations in Leadership for the Learning Organization; User Experience, Product Management, Strategy, and the Logic",Designing Organizations That Matter,FALSE,TRUE,,,
9.78E+12,In the Shadow of the Battleship: Considering the Cruisers of World War II,Naval History,FALSE,TRUE,,,
9.78E+12,Skeeter Sneeter Doodlebop,Children's Books,FALSE,TRUE,,,
9.78E+12,Re-Read HARRY POTTER AND THE SORCERER'S STONE Today! An Unauthorized Guide,Harry Potter,FALSE,TRUE,,,
9.78E+12,"The Definitive Illustrated History of the Torpedo Boat - Volume I, Overview (The Ship Killers)",Torpedo Boats,FALSE,TRUE,,,
9.78E+12,"The Definitive Illustrated History of the Torpedo Boat - Volume II, 1280 - 1899 (The Ship Killers)",Torpedo Boats,FALSE,TRUE,,,
9.78E+12,"The Definitive Illustrated History of the Torpedo Boat -- Volume III, 1900 - 1939 (The Ship Killers)",Torpedo Boats,FALSE,TRUE,,,
9.78E+12,"The Definitive Illustrated History of the Torpedo Boat -- Volume IV, 1939-1940 (The Ship Killers)",Torpedo Boats,FALSE,TRUE,,,
9.78E+12,"The Definitive Illustrated History of the Torpedo Boat, Volume V: 1941 (The Ship Killers)",Torpedo Boats,FALSE,TRUE,,,
9.78E+12,"The Definitive Illustrated History of the Torpedo Boat, Volume VI: 1942 (The Ship Killers)",Torpedo Boats,FALSE,TRUE,,,
9.78E+12,"The Definitive Illustrated History of the Torpedo Boat, Volume VII: 1943 (the Ship Killers)",Torpedo Boats,FALSE,TRUE,,,
9.78E+12,"The Definitive Illustrated History of the Torpedo Boat, Volume VIII: 1944 (the Ship Killers)",Torpedo Boats,FALSE,TRUE,,,
9.78E+12,"The Definitive Illustrated History of the Torpedo Boat, Volume IX: 1945 (the Ship Killers)",Torpedo Boats,FALSE,TRUE,,,
9.78E+12,"The Definitive Illustrated History of the Torpedo Boat, Volume X: Bonus Material and Appendixes",Torpedo Boats,FALSE,TRUE,,,
9.78E+12,Pocket Battleship Deutschland (Lutzow): Kriegsmarine Illustrated Ship Histories,Naval History,FALSE,TRUE,,,
9.78E+12,Re-read HARRY POTTER AND THE CHAMBER OF SECRETS Today! An Unauthorized Guide,Harry Potter,FALSE,TRUE,,,
9.78E+12,The Call of Nepal: My Life In the Himalayan Homeland of Britain's Gurkha Soldiers,Biographies & Memoirs,FALSE,TRUE,,,
9.78E+12,"Exploring BEEDLE THE BARD: Unauthorized, pithy, tale-by-tale perspectives",Harry Potter,FALSE,TRUE,,,
9.78E+12,Threats in the Age of Obama,Age of Obama,FALSE,TRUE,,,
9.78E+12,Persuader-in-Chief: Global Opinion and Public Diplomacy in the Age of Obama,Age of Obama,FALSE,TRUE,,,
9.78E+12,"Age of Obama: A Reporter's Journey with Clinton, McCain and Obama in The Making of the President, 2008",Age of Obama,FALSE,TRUE,,,
9.78E+12,Obama Does Globalistan,Age of Obama,FALSE,TRUE,,,
9.78E+12,Building the PT Boats: An Illustrated History of U.S. Navy Torpedo Boat Construction in World War II,Torpedo Boats,FALSE,TRUE,,,
9.78E+12,Born American: A Chinese Woman's Dream of Liberty ,Biographies & Memoirs,FALSE,TRUE,,,
9.78E+12,Dark Navy: The Italian Regia Marina and the Armistice of 8 September 1943,Naval History,FALSE,TRUE,,,
9.78E+12,Secrets of the Modern World: F. W. Maitland,Law,FALSE,TRUE,,,
9.78E+12,Principles of War,Military History,FALSE,TRUE,,,
9.78E+12,Blood on Our Hands: The American Invasion and Destruction of Iraq,International Politics,FALSE,TRUE,,,
9.78E+12,Fallen Walls and Fallen Towers,International Politics,FALSE,TRUE,,,
9.78E+12,The Great Space Force Debate,Space Power,TRUE,FALSE,,,
9.78E+12,The Impact of the USS Forrestal's 1967 Fire on United States Navy Shipboard Damage Control,Naval History,TRUE,FALSE,,,
9.78E+12,The Influence of Maritime Theorists Alfred Thayer Mahan and Sir Julian Corbett on the Development of German Naval Strategy 1930-1936,Military Public Domain,TRUE,FALSE,,,
9.78E+12,"The Influence of Naval Power on the Course of the Spanish Civil War, 1936-1939",Military Public Domain,TRUE,FALSE,,,
9.78E+12,The King's English (2d edition),Literature,TRUE,FALSE,FALSE,,
9.78E+12,The Littoral Combat Ship Omnibus: A Torpedo Boat Destroyer for the 21st Century,Naval History,TRUE,FALSE,TRUE,,
9.78E+12,The Mayaguez Incident Omnibus,Naval History,TRUE,FALSE,TRUE,,
9.78E+12,The Mueller Memos: Interview Notes Released,Politics,TRUE,FALSE,FALSE,,
9.78E+12,"The National Institutes of Health and EcoHealth Alliance Did Not Effectively Monitor Awards and Subawards, Resulting in Missed Opportunities to Oversee Research and Other Deficiencies, A-05-21-00025",Science Phile,TRUE,FALSE,,AI Lab for Book-Lovers,14
9.78E+12,"The Navy's Nuclear Power Plant in Antarctica: Final Operating Report for the PM-3A Nuclear Power Plant, McMurdo Station, Antarctica",Naval History,TRUE,FALSE,,Extreme Places,
9.78E+12,The Navy's Nuclear Power Plant in Antarctica ,Nuclear History,TRUE,FALSE,FALSE,,
9.78E+12,"Mastering Space War: The Advanced Strategies, Technologies, and Theories Needed For Victory",Space Power,FALSE,TRUE,,,
9.78E+12,Principles of War,Military History,FALSE,TRUE,,,
9.78E+12,USS Shiloh CG-67: US Navy Guided Missile Cruiser,Naval History,FALSE,TRUE,,Cool Ships,12
9.78E+12,"CVN-68 Nimitz, U.S. Navy Aircraft Carrier",Naval History,FALSE,TRUE,,,
9.78E+12,The Nine Current Supreme Court Justices: Colorful Info for Curious Minds #3,Law,FALSE,FALSE,TRUE,,
9.78E+12,The President's Daily Brief Fifty Years Ago: January 1971,Intelligence,TRUE,FALSE,,,
9.78E+12,The President's Daily Brief Fifty Years Ago: March 1971,PDB50,TRUE,FALSE,,,
9.78E+12,The President's Daily Brief Fifty Years Ago: May 1971,PDB50,TRUE,FALSE,,,
9.78E+12,Raging Twenties: Great Power Politics Meets Techno-Feudalism,International Politics,FALSE,TRUE,,,
9.78E+12,"U.S. Patrol Torpedo Boats in World War II, 1939-1945",Naval History,FALSE,TRUE,,,
9.78E+12,"The Regia Marina's MAS Boats, 1915-1945",Naval History,FALSE,TRUE,,,
9.78E+12,The Sailor's Word Book,Reference,TRUE,FALSE,FALSE,,
9.78E+12,The Granddaughter Project,Fiction,FALSE,TRUE,,,
9.78E+12,The Granddaughter Project,Fiction,FALSE,TRUE,,,
9.78E+12,Imperial Japanese Navy 1932-1945 Warships and Colours: With Japanese Army Vessels and Three Special Bonus Pages,Naval History,FALSE,TRUE,,,
9.78E+12,The Simple Sabotage Manual: Timeless Managerial Wisdom from the Intelligence Community,Military Public Domain,TRUE,FALSE,,,
9.78E+12,A Good and Favorable Wind: The Unusual Story Of A Submarine Under Sail And Its Cautionary Lessons For The Modern Navy,Naval History,FALSE,TRUE,,,
9.78E+12,"The Solomon Key and Beyond: DIGITAL FORTRESS, ANGELS & DEMONS, DECEPTION POINT, THE DA VINCI CODE, and more",Popular Culture,FALSE,FALSE,TRUE,,
9.78E+12,The United States Secret Service Failed To Prepare for Insurrection Day: Scanned Documents Released via FOIA,Law,TRUE,FALSE,,,
9.78E+12,The World Is Flat: Not! Cool New World Maps for Kids,Cool Maps,FALSE,FALSE,TRUE,,
9.78E+12,"The World's Warships 1915: Compiled from Jane's ""Fighting Ships""",Naval History,TRUE,FALSE,,,
9.78E+12,Tora Bora Revisited: How We Failed to Get Bin Laden and Why It Matters Today (Decisive Battles of the 21st Century),Military History,TRUE,FALSE,,,
9.78E+12,Torpedo Boat Policy [Torpedo Boat Classics],Torpedo Boats,TRUE,FALSE,FALSE,,
9.78E+12,Torpedoes and Torpedo Warfare [Torpedo Boat Classics],Torpedo Boats,TRUE,FALSE,FALSE,,
9.78E+12,The Ship Killers: The Definitive Illustrated History of the Torpedo Boat,Naval History,FALSE,TRUE,,,
9.78E+12,Torpedoes: A List of References in the New York Public Library [Torpedo Boat Classics] and [Naval Bibliographies],Torpedo Boats,TRUE,FALSE,FALSE,,
9.78E+12,Tunnel Rats Version 2.0: Fighting and Winning Future War in a Subterranean Environment,Military History,TRUE,FALSE,AI Lab for Book-Lovers,29,
976540614,Unauthorized A Feast for Crows Analysis,Popular Culture,FALSE,FALSE,TRUE,,
9.78E+12,Unauthorized Half-Blood Prince Update: News and Speculation about Harry Potter Book Six by J. K. Rowling,Harry Potter,FALSE,FALSE,TRUE,,
9.78E+12,Unauthorized Harry Potter and the Alchemist's Cell News: Half-Blood Prince Analysis and Speculation,Harry Potter,FALSE,FALSE,TRUE,,
9.78E+12,Global Perspectives on Space Power,Space Power,FALSE,TRUE,Space Power,9,
9.78E+12,Unauthorized Harry Potter and the Chariots of Light News: Half-Blood Prince Analysis and Speculation,Harry Potter,FALSE,FALSE,TRUE,,
9.78E+12,Unauthorized Harry Potter and the Deathly Hallows News: Half-Blood Prince Analysis,Harry Potter,FALSE,FALSE,TRUE,,
9.78E+12,Unauthorized Harry Potter and the Deathly Hallows News: Half-Blood Prince Analysis,Harry Potter,FALSE,FALSE,TRUE,,
9.78E+12,"Uncharted Waters: Expeditionary Operations and the Naval Component of Union Military Strategy in the Us Civil War, 1861-1862",Military Public Domain,TRUE,FALSE,,,
9.78E+12,United States - Vietnam Relations 1945 - 1967 (The Pentagon Papers) (Volume 1),Military History,TRUE,FALSE,FALSE,,
9.78E+12,United States - Vietnam Relations 1945 - 1967 (The Pentagon Papers) (Volume 10),Military History,TRUE,FALSE,FALSE,,
9.78E+12,United States - Vietnam Relations 1945 - 1967 (The Pentagon Papers) (Volume 2),Military History,TRUE,FALSE,FALSE,,
9.78E+12,United States - Vietnam Relations 1945 - 1967 (The Pentagon Papers) (Volume 3),Military History,TRUE,FALSE,FALSE,,
9.78E+12,United States - Vietnam Relations 1945 - 1967 (The Pentagon Papers) (Volume 4),Military History,TRUE,FALSE,FALSE,,
9.78E+12,United States - Vietnam Relations 1945 - 1967 (The Pentagon Papers) (Volume 5),Military History,TRUE,FALSE,FALSE,,
9.78E+12,United States - Vietnam Relations 1945 - 1967 (The Pentagon Papers) (Volume 6),Military History,TRUE,FALSE,FALSE,,
9.78E+12,United States - Vietnam Relations 1945 - 1967 (The Pentagon Papers) (Volume 7),Military History,TRUE,FALSE,FALSE,,
9.78E+12,United States - Vietnam Relations 1945 - 1967 (the Pentagon Papers) (Volume 8),Military History,TRUE,FALSE,FALSE,,
9.78E+12,United States - Vietnam Relations 1945 - 1967 (The Pentagon Papers) (Volume 9),Military History,TRUE,FALSE,FALSE,,
9.78E+12,US Department Of The Space Force:,Space Power,TRUE,FALSE,FALSE,,
9.78E+12,USS SHILOH CG-67: US Navy Guided Missile Cruiser,Naval History,FALSE,FALSE,FALSE,,
9.78E+12,Vocabolario Marino E Militare: Maritime and Military Vocabulary [Italian],Naval History,TRUE,FALSE,,,
9.78E+12,"War in Afghanistan: Strategy, Military Operations, and Issues for Congress",Military Public Domain,TRUE,FALSE,,,
9.78E+12,"Warner Bros. Entertainment, Inc. & J. K. Rowling V. Rdr Books and 10 Does",Law,TRUE,FALSE,FALSE,,
9.78E+12,We Are The Future - India,International Politics,FALSE,TRUE,,,
9.78E+12,"Why the Allies Lost the Battle of Crete: How Allied Indecision, Bureaucracy, and Pretentiousness Lost the Battle",Military Public Domain,TRUE,FALSE,,,
9.78E+12,Why the USS Scorpion (SSN 589) Was Lost: The Death of a Submarine in the North Atlantic,Naval History,FALSE,TRUE,FALSE,,
9.78E+12,Why the USS Thresher (SSN 593) Was Lost,Naval History,FALSE,TRUE,FALSE,,
9.78E+12,"Winter's Guide to Warships 1890: Volume 1: Britain, Italy, Turkey, and Smaller Navies",Naval History,FALSE,TRUE,,,
9.78E+12,With the Battle Cruisers,Naval History,TRUE,FALSE,FALSE,,
9.78E+12,World War II Vertical Envelopment: The German Influence on U.S. Army Airborne Operations,Military Public Domain,TRUE,FALSE,,,
9.78E+12,X-47 Unmanned Combat Air Vehicle (UCAV),Modern Weapons,FALSE,FALSE,TRUE,,