Title,ISBN,SKU,Status,Format,Language,Series Name,Series Number,Edition Name,Edition Number,Contributor 1 Name,Contributor 2 Name,Contributor 3 Name,Contributor 1 Role,Contributor 2 Role,Contributor 3 Role,Contributor 1 Bio,Contributor 2 Bio,Contributor 3 Bio,BISAC 1,BISAC 1 Description,BISAC 2,BISAC 2 Description,BISAC 3,BISAC 3 Description,Imprint,Audience,Regional Subject,Thema,Table of Contents,Review Quotes,Full Description,Short Description,Keywords,Booktype,Page Count,Look Inside,Large Text,Right to Left Binding,Pub Date,Street Date,US List,UK List,CA List,EU List,AU List,US Discount,UK Discount,CA Discount,EU Discount,AU Discount,US Returns,UK Returns,CA Returns,EU Returns,AU Returns,IN List,RU List,SP List,SK List,DE List,BR List,JP List,IT List,CH List,PL List,IN Discount,RU Discount,SP Discount,SK Discount,DE Discount,BR Discount,JP Discount,IT Discount,CH Discount,PL Discount,US Agency,UK Agency,CA Agency,EU Agency,AU Agency,US Library,UK Library,CA Library,EU Library,AU Library,Distribution Y/N,Publisher Account #,Publisher Name,Promo Code,Gap List Price,Gap Discount,Gap Return Flag,Ingram Only List Price,Ingram Only Discount,Ingram Only Return Flag,Production Date,Last Modified Date,BookTypeId,Setup,Parent Customer Name,Sharjah List Price,Sharjah Discount,Sharjah Return Flag,Weight,Ean,isbn_10_bak,isbn_13,amazon_buy_link
USS Franklin CV13 War Damage Report No. 56: With Bonus Report on USS Wasp (CV7) Loss in Action,9781608881956,1608881954,Setup Incomplete,Case Laminate,ENG,AI Lab for Book-Lovers,,,0,"Navy Department,  ","Zimmerman, Fred",,Author,Editor,,,,,TEC060000,TECHNOLOGY & ENGINEERING / Marine & Naval,HIS027150,HISTORY / Military / Naval,TEC045000,TECHNOLOGY & ENGINEERING / Fire Science,Nimble Books LLC,1.0,,,,,<p><strong><em>US aircraft carriers are more important  and more vulnerable  than ever.  The US Navy knows a <u>lot</u> about damage control for large ships (even if it sometimes appears to forgotten what it once knew!). This thesis is important for anyone who wants to understand how carriers keep fighting (or don't): which should be anyone who's interested in naval affairs.</em></strong></p><p><br></p><p>D</p>,,"aircraft carrier damage,damage control equipment,factors contributing to success,implementation,naval damage control,recommendations,shipboard damage control,shipboard damage control capability,shipboard damage control training,successful proposals,United States Navy,US navy investigations,USS Franklin,USS Wasp,warship design,WW2 carrier fires",Color 8.5 x 11 in or 280 x 216 mm Case Laminate on 50 White w/Gloss Lam,164,Y,,,26-Dec-23,21-Nov-23,44.95,35.99,61.99,41.99,68.99,40.0,40.0,40.0,40.0,40.0,,Yes-Destroy,Yes-Destroy,Yes-Destroy,Yes-Destroy,44.95,,44.95,44.95,44.95,44.95,44.95,44.95,44.95,44.95,40.0,,40.0,40.0,40.0,40.0,40.0,40.0,40.0,40.0,,,,,,,,,,,N,6024045,W. Frederick Zimmerman,,,,,,,,,,1313,14-Dec-23,,,,,0.718,,1608881954,9781608881956,https://www.amazon.com/dp/1608881954?tag=ai4bookloversgpt-20
European USSR Coasts and Landing Zones: [NATO Invasion Options],9781934840535,193484053X,Available for Printing/Download,Perfect Bound,ENG,AI Lab for Book-Lovers,,,0,Joint Army-Navy Intelligence  Cmte,"Zimmerman, Fred",,Author,Editor,,,,,HIS032020,HISTORY / Russia / Soviet Era,HIS037100,HISTORY / Modern / 20th Century / Cold War,HIS027150,HISTORY / Military / Naval,Nimble Books LLC,1.0,,,,,<p><strong><em>With tensions between NATO and Russia at close to an all-time peak  this is an opportune time to revisit some of our fundamental knowledge about Russia's military geography.  This 1948 report is still instructive context for amphibious  airborne  and special forces operations against the Russia seaboard  whether by Ukraine or NATO.  </em></strong></p><p><br></p><p><strong><em>Tired of Russian paranoia? Put this on your reading list and give Putin something new to worry about.</em></strong></p><p> </p><p>This document is a report on the coastal areas and landing beaches of the Soviet Union  specifically the European USSR. It provides detailed information on the geography  navigation  and potential landing sites along the coast  organized by coastal sector. It also includes information on air facilities and potential anchorages. The document could be useful to NATO and Russia today as it provides historical and current information on the coastal areas of the Soviet Union  which could be relevant in military operations or strategic planning. It also highlights the strategic importance of these areas and potential challenges and hazards for navigation and operations. Additionally  the document mentions the economic and resource potential of the region  which could be of interest to both NATO and Russia.</p><p><br></p><p>This annotated edition illustrates the capabilities of the AI Lab for Book-Lovers to add context and ease-of-use to manuscripts. It includes five types of abstracts  building from simplest to more complex: TLDR (one word)  ELI5  TLDR (vanilla)  Scientific Style  and Action Items; four essays to increase viewpoint diversity: Context in the Discourse  Formal Dissent; Red Team Critique; and MAGA Perspective; and Notable Passages and Nutshell Summaries for each page.</p><p><br></p><p> </p>,,"amphibious invasions,climate,European USSR coastal sector,geography,hazards,invade Russia,Karskaya Guba to Port-Katon region,limitations,NATO invasion of Russia,NATO threat coastal sector features,navigation and landing,navigation conditions,Pechora Bay,specific locations,vKara Sea,White Sea",B&W 8.5 x 11 in or 280 x 216 mm Perfect Bound on White w/Gloss Lam,140,Y,,,5-Dec-23,5-Dec-23,24.99,22.99,38.99,26.99,43.99,40.0,40.0,40.0,40.0,40.0,Yes-Destroy,Yes-Destroy,Yes-Destroy,Yes-Destroy,Yes-Destroy,24.99,,24.99,24.99,24.99,24.99,24.99,24.99,24.99,24.99,40.0,,40.0,40.0,40.0,40.0,40.0,40.0,40.0,40.0,,,,,,,,,,,Y,6024045,W. Frederick Zimmerman,,,,,,,,22-Nov-23,5-Dec-23,12,17-Nov-23,,,,,0.757,9780000000000.0,193484053X,9781934840535,https://www.amazon.com/dp/193484053X?tag=ai4bookloversgpt-20
Index of Oral Histories Relating to Naval Research and Development,9781934840894,1934840890,Available for Printing/Download,Case Laminate,ENG,AI Lab for Book-Lovers,,,0,"Nowicke, Carole",Zimmerman,,Author,Editor,,,,,HIS027150,HISTORY / Military / Naval,BIO008000,BIOGRAPHY & AUTOBIOGRAPHY / Military,REF004000,REFERENCE / Bibliographies & Indexes,Nimble Books LLC,6.0,,,,,<p>Naval history is inextricably linked with the research and development of science and technology  and in the modern era no organization has had more influence on naval R&amp;D than the Naval Research Laboratory.  Oral histories provide insight that students of naval affairs cannot find elsewhere.</p><p><br></p><p>This 1985 document is a guide to oral histories related to U.S. Navy research and development. It includes a list of interviewees  three indices  and a list of contact points at repositories holding the material. The guide is a first edition and may be updated in the future. It also includes a message from the Historian of Navy Laboratories  D.K. Allison  and a list of suggestions for improving the guide. The guide covers a wide range of topics  including interviews with individuals involved in Navy research and development  discussions about institutions and cities  and other subjects. It is organized into three indices and provides contact information for repositories holding the material.</p><p><br></p><p>This annotated edition illustrates the capabilities of the AI Lab for Book-Lovers to add context and ease-of-use to manuscripts. It includes five types of abstracts  building from simplest to more complex: TLDR (one word)  ELI5  TLDR (vanilla)  Scientific Style  and Action Items; four essays to increase viewpoint diversity: Grounds for Dissent; Red Team Critique; and MAGA Perspective.</p><p><br></p><p>This publication is dedicated to my grandfather and namesake  William Zimmerman III  who worked as a research scientist for the Naval Research Laboratory for many years.  His 1947 publication for NRL  <em>The Determination of Some Common Alloying Elements in Aluminum and Its Alloys </em> is included as Appendix A.</p>,,"D.K. Allison,Guide improvement suggestions,Historian of Navy Laboratories,Navy research and development,Oral histories,U.S. Navy research and development",B&W 8.5 x 11 in or 280 x 216 mm Case Laminate on White w/Gloss Lam,318,Y,,,21-Nov-23,21-Nov-23,44.95,36.99,61.99,41.99,69.99,40.0,40.0,40.0,40.0,40.0,No,Yes-Destroy,Yes-Destroy,Yes-Destroy,Yes-Destroy,44.95,,44.95,44.95,44.95,44.95,44.95,44.95,44.95,44.95,40.0,,40.0,40.0,40.0,40.0,40.0,40.0,40.0,40.0,,,,,,,,,,,Y,6024045,W. Frederick Zimmerman,,,,,,,,21-Nov-23,21-Nov-23,13,15-Nov-23,,,,,2.26,9780000000000.0,1934840890,9781934840894,https://www.amazon.com/dp/1934840890?tag=ai4bookloversgpt-20
Empire Maintenance in the Information Age: Influence of Mediaverse on Strategy,9780979920530,979920531,Available for Printing/Download,Perfect Bound,ENG,AI Lab for Book-Lovers,27.0,,0,"Lohr, Christopher S.",,,Author,,,,,,SOC052000,SOCIAL SCIENCE / Media Studies,POL036000,POLITICAL SCIENCE / Intelligence & Espionage,POL065000,POLITICAL SCIENCE / Political Process / Media & Internet,Nimble Books LLC,6.0,,,,,"<p><strong>This  ""strategic research project"" for a 2013 master's thesis at the US Army War College by US Air Force Lt. Colonel Christopher Lohr continues to be timely both for its insights and for what it reveals about US military thinking. </strong> From the author's abstract: </p><p><br></p><p>The proliferation of mobile Internet technology grants the average global citizen immediate access to information and the ability to posit opinions  i.e. influence  at near-real-time speed. The amalgam of 247 news networks  mass media  the Internet  and social media the mediaverse  coupled with mobile technology  influences strategy in three ways. First  it is a national security challenge and opportunity. Second  it influences the character of war. Third  it is forcing an evolution of the strategic environment. The successful strategic leader must be not just aware but au courant on the challenges and opportunities presented by the mediaverse. Improved processes  tools  and education are required to adapt to mediaverse influencers. The most significant systemic improvement is the addition of a robust strategic feedback loop in the strategy formulation model. This can be accomplished by better integrating information operators into campaign planning and mission execution to surveil the mediaverse to assess content and on-going events to provide a robust assessment of the information environment. Formal developmental education should expand current media training to include skillful reconnaissance of  and engagement in  the mediaverse.</p><p><br></p><p>This forty-page thesis is enhanced by AI analytical tools including  five kinds of summaries; four introductory essays to provide viewpoint diversity; a page-by-page summary; and a table of notable passages.</p><p><br></p><p>Cover illustration: the Nimble Books staff artist used a large language model (LLM) to generate a series of ""metaprompts"" based on the content of the document that resulted in the followiung art generation prompt:</p><p><br></p><p><span>Book cover illustration visualizing the mediaverse's complex impact on strategy. A dense web-like network stretches across the cover  each strand symbolizing different media like mass media  24/7 news  the Internet  and social media platforms. Among these strands  certain elements  like a news anchor and a computer screen showing trending posts  emerge  reflecting the constant information flow. Centered in this chaotic web is a US Air Force officer  focused and composed  analyzing data on a handheld device. He wears a subdued uniform without overemphasis. Scattered within the web are icons like books  graduation caps  and compasses  denoting the significance of education  navigation  and innovation in the digital</span> age.</p><p><br></p><p>In the context of Nimble's role as ""the AI Lab for Book-Lovers""  it's worth noting that it might not be easy to get a commissioned work to exhibit this level of alignment with the content of the book.--Ed.</p>",,"military information,military information operations,military media,mission execution and the mediaverse,strategic feedback loop in strategy formulation,strategy formulation",B&W 8.5 x 11 in or 280 x 216 mm Perfect Bound on White w/Gloss Lam,60,Y,,,7-Nov-23,7-Nov-23,19.95,16.99,27.99,18.99,31.99,40.0,40.0,40.0,40.0,40.0,Yes-Destroy,Yes-Destroy,Yes-Destroy,Yes-Destroy,Yes-Destroy,19.95,,19.95,19.95,19.95,19.95,19.95,19.95,19.95,19.95,40.0,,40.0,40.0,40.0,40.0,40.0,40.0,40.0,40.0,,,,,,,,,,,Y,6024045,W. Frederick Zimmerman,,,,,,,,2-Nov-23,7-Nov-23,12,28-Oct-23,,19.99,40.0,Yes-Destroy,0.363,9780000000000.0,0979920531,9780979920530,https://www.amazon.com/dp/0979920531?tag=ai4bookloversgpt-20
"Confidential Human Source Policy Guide [Annotated]: 1018 PG; May 21, 2019",9781934840740,1934840742,Available for Printing/Download,Case Laminate,ENG,AI Lab for Book-Lovers,28.0,,0,Federal Bureau of Investigation,"Zimmerman, Fred",,Author,Editor,,,,,POL036000,POLITICAL SCIENCE / Intelligence & Espionage,POL014000,POLITICAL SCIENCE / Law Enforcement,,,Nimble Books LLC,1.0,,,,,<p><strong><em>The information provided by FBI confidential human sources can have great investigative  legal  and political significance.  This guide to how the FBI handles them is a must-read for anyone following a story involving the FBI.</em></strong></p><p><br></p><p>This document is an internal guide published by the FBI's Directorate of Intelligence. It provides detailed information on the management and oversight of the Confidential Human Source Program. The guide covers various aspects  including the identification  evaluation  and recruitment of potential confidential human sources. It also outlines the procedures for opening  operating  and closing sources  as well as the use of electronic communications with them. The document emphasizes the importance of timing and providing admonishments to sources. Additionally  it discusses the requirements for reopening a closed source and the handling of privileged or exculpatory information. This guide serves as a comprehensive resource for FBI personnel involved in the management of confidential human sources and supersedes a previous version dated 2015.</p><p><br></p><p>This annotated version includes bibliographic keyword phrases; abstracts  including TLDR (one word); ELI5; TLDR (vanilla); scientific style; and action items; essays to stimulate viewpoint diversity  including a red team critique; formal grounds for dissent; and MAGA.</p><p><br></p>,,"Confidential Human Source,Danchenko,exculpatory information,FBI informant,handling,HUMINT,Peter Thiel,privileged information,provision of admonishments,reopening a closed source,Steele Report,Whitey Bulger",B&W 8.5 x 11 in or 280 x 216 mm Case Laminate on White w/Gloss Lam,222,Y,,,7-Nov-23,7-Nov-23,39.95,32.99,55.99,37.99,63.99,40.0,40.0,40.0,40.0,40.0,Yes-Destroy,Yes-Destroy,Yes-Destroy,Yes-Destroy,Yes-Destroy,39.95,,39.95,39.95,39.95,39.95,39.95,39.95,39.95,39.95,40.0,,40.0,40.0,40.0,40.0,40.0,40.0,40.0,40.0,,,,,,,,,,,Y,6024045,W. Frederick Zimmerman,,,,,,,,6-Nov-23,20-Nov-23,13,30-Oct-23,,,,,1.78,9780000000000.0,1934840742,9781934840740,https://www.amazon.com/dp/1934840742?tag=ai4bookloversgpt-20
Tunnel Rats Version 2.0: Fighting and Winning Future War in a Subterranean Environment,9781934840764,1934840769,Available for Printing/Download,Perfect Bound,ENG,AI Lab for Book-Lovers,29.0,,0,"Spillane, Brian T.","Zimmerman, Fred",,Author,Editor,,,,,HIS027060,HISTORY / Military / Strategy,TEC009150,TECHNOLOGY & ENGINEERING / Civil / Soil & Rock,HIS027070,HISTORY / Wars & Conflicts / Vietnam War,Nimble Books LLC,1.0,,,,,"<p><strong>This thesis written by a master's candidate at the Marine Corps University in 2017 provides timely insight into how the US military is thinking about tunnel warfare similar to what the Israel Defense Force (IDF) faces in Gaza.</strong></p><p><br></p><p>From the author's abstract:</p><p><br></p><p><em>Subterranean operations have long been utilized in warfare and are increasingly prevalent in modern conflicts  as technology proliferation has forced adversaries of the United States underground.  However  the United States military currently has no focus  limited doctrine or techniques  tactics  and procedures  scant training  and almost no equipment or technological capabilities to enable its forces to thrive against an enemy in this type of complex operating environment.  In future war  the United States needs the forces  training  equipment and capabilities to detect and destroy subterranean threats efficiently and rapidly  and force the enemy back above ground to an environment where the United States has distinct advantages and can dictate the outcome in combat. </em></p><p><br></p><p>This annotated edition illustrates the capabilities of the AI Lab for Book-Lovers to add context and ease-of-use to manuscripts.  It includes five types of abstracts  building from simplest to more complex: TLDR (one word)  ELI5  TLDR (vanilla)  Scientific Style  and Action Items; four perspectives essays to increase viewpoint diversity: Context in the Discourse  Formal Dissent; Red Team Critique; and MAGA Perspective; and Notable Passages and Nutshell Summaries for each page.  The cover font is a custom ""hand-lettered"" font created by the Nimble Books staff artist using DALLE-3.</p>",,"IDF tunnel warfare,Samur,subterranean warfare,underground warfare,Weasel unit",B&W 8.5 x 11 in or 280 x 216 mm Perfect Bound on White w/Gloss Lam,62,Y,,,7-Nov-23,7-Nov-23,14.95,12.99,20.99,14.99,23.99,40.0,40.0,40.0,40.0,40.0,No,Yes-Destroy,Yes-Destroy,Yes-Destroy,Yes-Destroy,14.95,,14.95,14.95,14.95,14.95,14.95,14.95,14.95,14.95,40.0,,40.0,40.0,40.0,40.0,40.0,40.0,40.0,40.0,,,,,,,,,,,Y,6024045,W. Frederick Zimmerman,,,,,,,,3-Nov-23,7-Nov-23,12,1-Nov-23,,,,,0.373,9780000000000.0,1934840769,9781934840764,https://www.amazon.com/dp/1934840769?tag=ai4bookloversgpt-20
Report on Matters Related to Intelligence Activities and Investigations Arising Out of the 2016 Presidential Campaigns [Annotated],9781934840290,1934840297,Revision Incomplete,Perfect Bound,ENG,AI Lab for Book-Lovers,25.0,,0,"Durham, John, H.",Cincinnatus [AI],,Author,Author,,,,,LAW039000,LAW / Government / Federal,POL014000,POLITICAL SCIENCE / Law Enforcement,HIS027290,HISTORY / Military / Intelligence & Espionage,Nimble Books LLC,1.0,,,,,<p><strong><em>Essential reading to understand US government behavior in the period 2016-2020.</em></strong></p><p><br></p><p>The document is a report by the Department of Justice's Office of the Inspector General (OIG) on the FBI's handling of the Crossfire Hurricane investigation  which was launched in 2016 to investigate potential links between the Trump campaign and Russia. The report covers a range of issues  including the FBI's use of surveillance orders  the reliability of sources  the handling of the Steele dossier  and the Alfa Bank and Yotaphone allegations.</p><p><br></p><p>The report finds that the FBI made numerous errors and omissions in its handling of the investigation  including failing to follow its own policies and procedures  failing to adequately vet and corroborate information from sources  and failing to disclose important information to the FISA court. The report also criticizes the FBI's handling of the Steele dossier  which it says was relied upon too heavily and without sufficient corroboration. Additionally  the report highlights the Alfa Bank and Yotaphone allegations  which were based on flimsy evidence and were promoted by individuals with ties to the Clinton campaign.</p><p><br></p><p>The report makes a number of recommendations for improving the FBI's handling of counterintelligence investigations  including better vetting of sources  more transparency in FISA applications  and more rigorous oversight of investigations. The report also calls for the FBI to take steps to address bias and improper motivation in its investigations.</p><p>    </p><p>Overall  the report paints a picture of an FBI that was overly reliant on questionable sources and evidence  and that failed to adequately scrutinize the information it was using to justify its surveillance of the Trump campaign. While the report does not find evidence of political bias in the FBI's handling of the investigation  it does highlight a number of serious flaws in the agency's procedures and practices.</p><p><br></p><p><strong>Annotations</strong></p><p><br></p><p>AI enhancements include a Foreword by Cincinnatus [AI]; several different Abstracts including tldr(one word); tldr; ELI5; and Action Items; extractive  recursive  and virtual context summaries; mood sketches created using text to image tools; and a Homeric Table of Contents  summarizing each page in a short ode.</p><p><br></p><p><br></p>,,"Alfa Bank allegations,applications targeting Page,campaign-funded Steele Reports,Clinton Plan intelligence,Company Intelligence Report,Crossfire Hurricane Investigation,FBI Counterintelligence Investigation,FBI interview report,FBI OGC Unit,FISA applications Page,Inspection Division Report,Mueller Special Counsel,Steele Dossier reporting,Steele Report information,targeting Carter Page,uncorroborated Steele Report",B&W 8.5 x 11 in or 280 x 216 mm Perfect Bound on White w/Gloss Lam,358,Y,,,23-May-23,23-May-23,24.99,20.99,33.99,23.99,37.99,30.0,30.0,30.0,30.0,30.0,Yes-Destroy,Yes-Destroy,Yes-Destroy,Yes-Destroy,Yes-Destroy,24.99,,24.99,24.99,24.99,24.99,24.99,24.99,24.99,24.99,30.0,,30.0,30.0,30.0,30.0,30.0,30.0,30.0,30.0,,,,,,,,,,,N,6024045,W. Frederick Zimmerman,,,,,,,,,25-May-23,12,18-May-23,,24.99,30.0,,1.832,9780000000000.0,1934840297,9781934840290,https://www.amazon.com/dp/1934840297?tag=ai4bookloversgpt-20
Stellar Atmospheres: A Contribution To The Observational Study Of High Temperature In The Reversing Layers Of Stars,9780979920523,979920523,Available for Printing/Download,Case Laminate,ENG,AI Lab for Book-Lovers,20.0,Centennial Edition,0,"Payne, Cecilia, H.",,,Author,,,,,,SCI004000,SCIENCE / Space Science / Astronomy,SCI005000,SCIENCE / Physics / Astrophysics,BIO022000,BIOGRAPHY & AUTOBIOGRAPHY / Women,Nimble Books LLC,1.0,,,,"<p><span style=""color: rgba(51  51  51  1)"">The distinguished astronomer Otto Struve called&nbsp;</span><em style=""color: rgba(51  51  51  1)"">Stellar Atmospheres</em><span style=""color: rgba(51  51  51  1)"">&nbsp;""the most brilliant PhD thesis ever written in astronomy"".</span></p><p><br></p><p><span style=""color: rgba(51  51  51  1)""><span>��������</span>Even without proper credit  the power of Payne-Gaposchkin's thesis speaks for itself. Her lucid writing style  command of the subject and pioneering science shine through. Shapley had the work printed as a monograph and it sold 600 copies - virtually bestseller status for a dissertation.&nbsp;</span></p><p><br></p><p><span>����</span>""Cecilia Payne-Gaposchkin: The Woman Who Found Hydrogen in the Stars."" 2022. Physics World. March 8  2022. https://physicsworld.com/cecilia-payne-gaposchkin-the-woman-who-found-hydrogen-in-the-stars/.</p><p><br></p><p><br></p>","<p><strong>Originally published in 1925  this short  readable  brilliant book was a milestone in the history of astrophysics. This beautiful reprint makes a fantastic gift for any young person interested in science. </strong>In its pages  Cecilia H. Payne presented a rigorous and innovative analysis of stellar spectra  which led her to propose that stars were predominantly composed of hydrogen and helium. Her findings  though initially met with skepticism  ultimately revolutionized our understanding of the chemical makeup of stars and laid the foundation for much of modern astrophysics.</p><p class=""ql-align-justify""><br></p><p class=""ql-align-justify"">Despite the obstacles and limitations faced by women in science during her time  Cecilia Payne defied convention and persevered in her pursuit of knowledge. Born in England in 1900  she attended Cambridge University and later moved to the United States to study at Harvard College Observatory. Here  she became the first person to earn a Ph.D. in astronomy from Radcliffe College  Harvard's sister school for women. Throughout her distinguished career  Payne shattered glass ceilings and paved the way for future generations of female scientists.</p><p class=""ql-align-justify""><br></p><p class=""ql-align-justify"">This reprint of ""Stellar Atmospheres"" offers young readers a unique opportunity to delve into the mind of one of the most influential astronomers of the 20th century. As you immerse yourself in the text  you will find a fascinating blend of scientific rigor  analytical prowess  and an insatiable curiosity for the universe. <strong>This book is not only a testament to the brilliance of its author but also a reminder of the importance of curiosity  determination  and intellectual courage in the pursuit of scientific knowledge.</strong></p><p class=""ql-align-justify""><br></p><p><span style=""color: rgba(0  0  0  1)"">The Editor's Foreword  by Harvard's Harlow Shapley  is dated May 1  1925  and closes with the simple observation: ""</span>The book has been accepted as a thesis fulfilling the requirements for the degree of Doctor of Philosophy in Radcliffe College.""<span style=""color: rgba(0  0  0  1)"">This centennial edition of ""Stellar Atmospheres""  reaching bookstores 98 years later  is a powerful reminder that even in the face of adversity  one can achieve great things through hard work  determination  and a relentless pursuit of knowledge. </span></p><p><br></p><p>This book is annotated by Nimble Books AI and includes a Foreword by Aurora [AI]; a variety of pithy  opinionated abstracts including scientific style  tldr  tldr one word  Explain It to Me Like I'm Five Years Old  and Action Items; tools for viewpoint diversity such as Dissents  Red Team Critiques  and MAGA Perspectives; and a recursive summary with synopsis.</p>",<p>Pioneering work that explores the temperature  ionization  and spectral lines of Class 0 and Class A stars using spectrum theory and observational data.</p>,"atmosphere,Class 0 stars,Class A stars,composition,female science,ionization,observational data,spectral lines,spectrum theory,star properties,temperature,women astronomers,women scientists",B&W 5.83 x 8.27 in or 210 x 148 mm (A5) Case Laminate on White w/Gloss Lam,244,Y,,,1-May-23,1-May-23,27.95,22.99,37.99,25.99,41.99,40.0,40.0,40.0,40.0,40.0,Yes-Destroy,Yes-Destroy,Yes-Destroy,Yes-Destroy,Yes-Destroy,27.95,,27.95,27.95,27.95,27.95,27.95,27.95,27.95,27.95,30.0,,30.0,30.0,30.0,30.0,30.0,30.0,30.0,30.0,,,,,,,,,,,Y,6024045,W. Frederick Zimmerman,,,,,,,,4-Apr-23,17-Nov-23,177,2-Apr-23,,,,,0.979,9780000000000.0,0979920523,9780979920523,https://www.amazon.com/dp/0979920523?tag=ai4bookloversgpt-20
State of Washington v. US Food & Drug Administration [Annotated],9780979920561,979920566,Available for Printing/Download,Perfect Bound,ENG,AI Lab for Book-Lovers,24.0,,0,"Rice, Thomas, O.",Cincinattus [AI],,Author,Foreword by,,Thomas O. Rice is a United States District Judge.,,,LAW046000,LAW / Health,LAW018000,LAW / Constitutional,LAW043000,LAW / Gender & the Law,Nimble Books LLC,1.0,,,,,"<p>This opinion is annotated by Nimble Books AI and includes a Foreword by Cincinattus [AI] ; a variety of pithy  opinionated abstracts including scientific style  tldr  tldr one word  Explain It to Me Like I'm Five Years Old  and Action Items; tools for viewpoint diversity such as Dissents  Red Team Critiques  and MAGA Perspectives; a recursive summary with synopsis; and a virtual context summary.  Cover art by Nimble Books AI.</p><p><br></p><p>AI summary:</p><p class=""ql-align-justify""><br></p><p class=""ql-align-justify""><em>This document is a court order granting in part a preliminary injunction sought by plaintiffs against the U.S. Food and Drug Administration (FDA) regarding the regulation of mifepristone  a medication used for medication abortion. The court order was issued by United States District Judge Thomas O. Rice in the Eastern District of the United States on April 7  2023. The plaintiffs argue that the FDA's current Risk Evaluation and Mitigation Strategy (REMS) for mifepristone  which includes restrictions on distribution and administration  is unnecessary and imposes undue burdens on patients and healthcare providers  particularly during the COVID-19 pandemic. The court finds that there are serious issues going to the merits of the plaintiffs' claims under the Administrative Procedure Act (APA) and that the alleged unrecoverable economic costs in this case are sufficient to demonstrate irreparable harm. The court grants the preliminary injunction in part  enjoining the FDA from enforcing the in-person dispensing requirement for mifepristone during the COVID-19 pandemic and maintaining the status quo of the current REMS program until a determination on the merits.</em></p><p class=""ql-align-justify""><em>The court order also denied a third party's unopposed motion for leave to file an amicus curiae brief  noting that the proposed brief offered no additional legal or substantive information that was particularly helpful to the court's findings on the present motion. The court stated that the brief may be more useful during a trial on the merits. The court directed the District Court Executive to enter the order and furnish copies to counsel. No bond shall be required pursuant to Federal Rule of Civil Procedure 65(c).</em></p><p class=""ql-align-justify""><em>Overall  this document represents a legal decision in a case involving access to medication abortions during the COVID-19 pandemic. The court order grants a preliminary injunction in part against the FDA's current REMS program for mifepristone and denies a third party's motion for leave to file an amicus curiae brief.</em></p><p><br></p>",,"Eastern District of the United States,Medication abortion,Mifepristone,nationwide injunction,REMS,Risk Evaluation and Mitigation Strategy,Thomas O. Rice,United States District Judge",B&W 8.5 x 11 in or 280 x 216 mm Perfect Bound on White w/Gloss Lam,44,Y,N,,11-Apr-23,11-Apr-23,12.95,10.99,17.99,11.99,19.99,40.0,40.0,40.0,40.0,40.0,Yes-Destroy,Yes-Destroy,Yes-Destroy,Yes-Destroy,Yes-Destroy,12.95,,12.95,12.95,12.95,12.95,12.95,12.95,12.95,12.95,30.0,,30.0,30.0,30.0,30.0,30.0,30.0,30.0,30.0,,,,,,,,,,,Y,6024045,W. Frederick Zimmerman,,,,,,,,13-Apr-23,17-Nov-23,12,11-Apr-23,,,,,0.284,9780000000000.0,0979920566,9780979920561,https://www.amazon.com/dp/0979920566?tag=ai4bookloversgpt-20
Tactical Nuclear Weapons In Southeast Asia,9781608881253,1608881253,Available for Printing/Download,Perfect Bound,ENG,AI Lab for Book-Lovers,10.0,,0,"Dyson, Freeman J.",Shiva [AI],,Author,Foreword by,,,,,HIS027030,HISTORY / Military / Nuclear Warfare,HIS027070,HISTORY / Wars & Conflicts / Vietnam War,,,Nimble Books LLC,1.0,,,PURPOSE AND SCOPECONCLUSIONSADVANTAGES OF TACTICAL NUCLEAR WEAPONS FORATTAINMENT OF U.S. MILITARY OBJECTIVES.THE USE OF NUCLEAR FORCES AGAINST US FORCES IN SOUTHEAST ASIAEFFECTIVENESS OF TNW IN THE HANDS OF INSURGENTS IN OTHER PARTS OF THE WORLDPOLITICAL CONSEQUENCESAPPENDIX TO SECTION IVHelicopter Park at An KheHarbor at Da NangACKNOWLEDGEMENTS,,With Russian officials and political leaders explicitly threatening the use of tactical nuclear weapons in their war with Ukraine  it is worth re-examining the lessons learned about tactical nuclear weapons during the Cold War. This illuminating report on the proposed use of tactical nuclear weapons in Southeast Asia was written in 1967 by a four-man team from the JASON scientific advisory committee  including Freeman J. Dyson. This groundbreaking work examines the potential consequences had tactical nuclear weapons been utilized during the Vietnam War. It examines a range of topics including arms control  targeting strategies  and the potential effects of nuclear war on civilian populations. The authors take a comprehensive approach to their subject matter and provide valuable insights into how these weapons could have been used in Southeast Asia had they been available. This book is essential reading for anyone interested in understanding the complex nature of tactical nuclear weapons as well as their potential consequences in modern warfare. It provides a fascinating look at one of history's most explosive topics and offers important lessons for today's conflicts involving TNWs. Most notably  much larger numbers of warhead uses would be required than most modern commentators are even imagining.  The reason is that tactical military units are small  well dispersed  and difficult to target. The JASON team found an estimate of 10 weapons/day  or 3000 year  to be plausible.This edition is annotated by Nimble AI with twenty-four pages of front matter and includes a Foreword by Shiva [AI]  Nimble's Contributing Editor for nuclear weapons and strategy; Abstracts including scientific style  tldr  tldr one word  and Explain It to Me Like I'm Five  Years Old  Action Items; Viewpoints including MAGA Perspectives and Red Team Critique; a recursive summary with synopsis; a page-by-page summary; and interior art by artist herb.loc['AI']Books in the AI Lab for Book-Lovers series uae AI to make the experience of reading books richer.,Nuclear weapons were used to stop enemy troops  with 40 targets attacked and 70-100 10-KT weapons fired. There was also a potential threat of nuclear attack from other countries  which could lead to an attack on NVN strategic targets.,Nuclear weapons; Enemy troops; 40 targets; 10-KT weapons; Potential nuclear attack; NVN strategic targets;,B&W 8.5 x 11 in or 280 x 216 mm Perfect Bound on White w/Gloss Lam,82,,,,21-Mar-23,21-Feb-23,18.99,15.99,26.99,17.99,28.99,40.0,40.0,40.0,40.0,40.0,Yes-Destroy,Yes-Destroy,Yes-Destroy,Yes-Destroy,Yes-Destroy,18.99,,18.99,18.99,18.99,18.99,18.99,18.99,18.99,18.99,30.0,,30.0,30.0,30.0,30.0,30.0,30.0,30.0,30.0,,,,,,,,,,,Y,6024045,W. Frederick Zimmerman,,,,,,,,22-Feb-23,17-Nov-23,12,20-Feb-23,,,,,0.471,9780000000000.0,1608881253,9781608881253,https://www.amazon.com/dp/1608881253?tag=ai4bookloversgpt-20
Night Attack by a Soviet Battalion,9781608881833,1608881830,Available for Printing/Download,Perfect Bound,ENG,AI Lab for Book-Lovers,11.0,,0,"Gebhardt, James F.",Guderian [AI],,Author,Foreword by,,,,,HIS032000,HISTORY / Russia / General,HIS027300,HISTORY / Military / Land Forces,TEC025000,TECHNOLOGY & ENGINEERING / Military Science,Nimble Books LLC,1.0,,,,,"As war rages between Russia and Ukraine  the doctrines and tactics of the Soviet military legacy remains of great concern. The Soviet Union's doctrine of night attack  or """"nochnoy udar """" was a key component of the Soviet military's ability to achieve surprise and shock in the early stages of a conflict.  This report is a comprehensive case study of the Soviet doctrine of night attack  including its development  its application  and its impact on the battlefield.  It is a must-read for anyone interested in the history of armored warfare  the Soviet and Russian armies  and the history of the modern battlefield.Soviet ground force tactical units conducted night attacks in  accordance with a theoretical model that lasted through the Cold War. Its salient characteristics were pre-battle reconnaissance  attack from the march  dismounted assault  illumination  patrolling  commitment of a second echelon  and penetration of the defending brigade reserve positions by dawn. Demonstrated Soviet tactical unit deficiencies in executing nhe bight attack included land navigation and terrain orientation  driving  and use of night vision devices. Theoretical vulnerabilities which were identifed include over reliance on illumination  predictibility of combat reconnaissance patrols  and physical exhaustion of Soviet troops.  Actual experience in Ukraine has demonstrated the existence of these deficiences and more.The report includes a thorough bibliography based on the Russian sources.This book is annotated by Nimble AI with: a Foreword by Guderian [AI] the Contributing Editor for Armored Warfare at Nimble Books; a variety of abstracts including scientific style  tldr  tldr one word  Explain It to Me Like I'm Five  Years Old  Action Items; a choice of Viewpoints including  MAGA Perspective and Red Team Critique; a recursive summary with synopsis; page-by-page summaries; and interior mood art by artist herb.loc['AI'].",Major Gebhardt outlines Soviet night attack tactics  including use of night vision devices and successful transitions from night to day actions. Reinforced tank or motorized rifle battalions have specific attachments.,Soviet night attack tactics; Gebhardt; night vision devices; day actions; tank battalions; motorized rifle battalions,B&W 8.5 x 11 in or 280 x 216 mm Perfect Bound on White w/Gloss Lam,66,,,,21-Mar-23,21-Feb-23,19.99,16.99,27.99,18.99,30.99,40.0,40.0,40.0,40.0,40.0,Yes-Destroy,Yes-Destroy,Yes-Destroy,Yes-Destroy,Yes-Destroy,19.99,,19.99,19.99,19.99,19.99,19.99,19.99,19.99,19.99,30.0,,30.0,30.0,30.0,30.0,30.0,30.0,30.0,30.0,,,,,,,,,,,Y,6024045,W. Frederick Zimmerman,,,,,,,,22-Feb-23,17-Nov-23,12,20-Feb-23,,,,,0.392,9780000000000.0,1608881830,9781608881833,https://www.amazon.com/dp/1608881830?tag=ai4bookloversgpt-20
"The National Institutes of Health and EcoHealth Alliance Did Not Effectively Monitor Awards and Subawards, Resulting in Missed Opportunities to Oversee Research and Other Deficiencies, A-05-21-00025",9781608881369,1608881369,Available for Printing/Download,Perfect Bound,ENG,AI Lab for Book-Lovers,14.0,,0,"HHS, Office of Inspector General (OIG...",Cincinnatus [AI],,Author,Foreword by,,,,,POL040010,POLITICAL SCIENCE / American Government / Executive Branch,,,,,Nimble Books LLC,1.0,,,<p>INTRODUCTION&lt;p&gt;</p><p>FINDINGS&lt;p&gt;</p><p>CONCLUSION&lt;p&gt;</p><p>RECOMMENDATIONS&lt;p&gt;</p><p>NATIONAL INSTITUTES OF HEALTH AND ECOHEALTH COMMENTS AND OFFICE OF INSPECTOR GENERAL RESPONSE&lt;p&gt;</p><p>APPENDIX A: AUDIT SCOPE AND METHODOLOGY&lt;p&gt;APPENDIX B: REQUIREMENTS ASSOCIATED WITH REVIEWING RESEARCH INVOLVING ENHANCED POTENTIAL PANDEMIC PATHOGENS&lt;p&gt;</p><p>APPENDIX C: PEER REVIEW OF ECOHEALTH APPLICATIONS&lt;p&gt;</p><p>APPENDIX D: PRE-AWARD AND AWARD PROCEDURES&lt;p&gt;</p><p>APPENDIX E: NIH GRANT AWARDS TO ECOHEALTH AND ECOHEALTH'S SUBAWARDS&lt;p&gt;</p><p>APPENDIX F: FEDERAL REQUIREMENTS FOR TERMINATING AND SUSPENDING GRANT AWARDS&lt;p&gt;</p><p>APPENDIX G: FEDERAL REQUIREMENTS FOR SUBRECIPIENT MONITORING&lt;p&gt;</p><p>APPENDIX H: SUBRECIPIENT AGREEMENTS LACKED REQUIRED DATA ELEMENTS&lt;p&gt;</p><p>APPENDIX I: NATIONAL INSTITUTES OF HEALTH COMMENTS&lt;p&gt;</p><p>APPENDIX J: ECOHEALTH COMMENTS&lt;p&gt;</p>,,This book by the  Office of Audit Services (OAS)  Office of the Inspector General of the US Department of Health and Human Services is an important read. It explores the ways in which NIH and its viral research grant awardee EcoHealth Alliance have failed to comply with Federal requirements leading to unallowable costs and an unsatisfactory compliance rate.This book was written by the highly knowledgeable staff at HHS's OIG whose expertise spans across federal oversight as well as compliance. With decades of experience working on high profile audits related to disruptive healthcare technologies among other topics  they are aware like no other how government oversight is essential for public health research initiatives. This book outlines precisely why it is necessary for stakeholders to ensure effective monitoring.I urge readers interested in governmental accountability to pick up this timely book today! It offers insight into how transparency within these processes can help us lead healthier lives. Smarter investment of research funds will provide maximum benefits as efficiently as possible.It's a story of frustration  failure  and accountability: Follow this enthralling drama as it plays out in the pages of OIG audit findings  which  admittedlyare  sometmes  a bit lacking in sizzle. It becomes easier to pay attention when you remember that the failure to monitor grant awards in Wuhan contributed to a the release of a global pandemic that at this printing has already killed seven million people.This book is annotated by Nimble AI and includes a Foreword by Cincinnatus [AI]  Nimble's contributing editor for politics and governance; a variety of pithy  opinionated abstracts including scientific style  tldr  tldr one word  Explain It to Me Like I'm Five Years Old  and Action Items; tools to stimulate viewpoint diversity such as Dissents  Red Team Critiques  and MAGA Perspectives; a recursive summary with synopsis; and interior art by artist herb.loc['AI'].,An essential document for understanding the conditions that led to the COVID-19 pandemic.,OIG audit; NIH; EcoHealth Alliance; Federal requirements; unallowable costs; compliance rate;,Color 8.5 x 11 in or 280 x 216 mm Perfect Bound on 50 White w/Gloss Lam,86,,,,21-Mar-23,21-Feb-23,21.99,21.99,30.99,21.99,25.99,40.0,40.0,40.0,40.0,40.0,Yes-Destroy,Yes-Destroy,Yes-Destroy,Yes-Destroy,Yes-Destroy,21.99,,21.99,21.99,21.99,21.99,21.99,21.99,21.99,21.99,30.0,,30.0,30.0,30.0,30.0,30.0,30.0,30.0,30.0,,,,,,,,,,,Y,6024045,W. Frederick Zimmerman,,,,,,,,28-Feb-23,17-Nov-23,1312,20-Feb-23,,,,,0.491,9780000000000.0,1608881369,9781608881369,https://www.amazon.com/dp/1608881369?tag=ai4bookloversgpt-20
Lessons and Conclusions From the History of Navy and Military Doctrinal Development,9781608881413,1608881415,Available for Printing/Download,Perfect Bound,ENG,AI Lab for Book-Lovers,16.0,,0,"Tritten, Dr. James J.",Jellicoe [AI],,Author,Foreword by,,,,,HIS027150,HISTORY / Military / Naval,HIS027110,HISTORY / Military / United States,,,Nimble Books LLC,1.0,,,The History of Navy Doctrine<p>The Value of Studying the History of Naw Doctrine<p>Doctrine and Change<p>Preparing Military Doctrine<p>The Future of Military Doctrine<p>Conclusions<p>,,"In 1995  the end of the Cold War found the US Navy grappling with its role and its future. Dr. James Tritten ably articulated the value of naval doctrine in this historical survey for the Naval Doctrine Command. In subsequent decades  USN doctrine evolved in response to changing circumstances  in some instances successfully  in some instances not. The USN abandoned long-distance strike aircraft in a doctrinal pursuit of sorties-to-shore  wasted decades on a Littoral Combat Ship that was almost literally all doctrine  and saw its seakeeping readiness degrade at a level even more fundamental than the doctrinal. Today  the US Navy is faced with an existential threat from a peer competitor that can outrange it  outshoot it  and outbuild it. Getting naval doctrine right has never been more critical. Understanding its history is a necessary first step that will repay investment for anyone interested in American sea power: that is  American national power.From the author's abstract:<ul><li>Navy doctrine has existed in the past [it is not new]; <li>It is proper to study the doctrinal lessons of other nations and other services; important doctrinal lessons can be drawn from history; <li>Formal navy doctrine suffered a setback with the introduction of new technologies and the end of the Anglo-Franco wars in the Nineteenth Century; <li>Pre-war military doctrine cannot forseee all eventualities; <li>Centralized military doctrine should not be cast in stone; <li>Military doctrine has changed due to a variety of circumstances; <li>It is not easy to institute a significant doctrinal change in large organizations; it appears easier to change military doctrine when it is written; <li>Measures of effectiveness are needed for military doctrine;<li>Successful navy doctrine has been prepared by a variety of individuals; <li>Doctrine must be meaningful;<li>Joint and multinational doctrine become more important as national forces downsize; <li>Multinational doctrine for navy forces will be inherently different than multinational doctrine for land forces; <li>There is no one correct military doctrine; <li>There is a doctrinal renaissance in progress; <li>Good military doctrine is of no value without good men and women who are trained and provided the proper equipment;<li>And naval doctrine is not risk free.</ul>This book is annotated by Nimble AI and includes a Foreword by ; a variety of pithy  opinionated abstracts including scientific style  tldr  tldr one word  Explain It to Me Like I'm Five Years Old  and Action Items; tools for viewpoint diversity such as Dissents  Red Team Critiques  and MAGA Perspectives; a recursive summary with synopsis; page-by-page summaries; and interior art by artist herb.loc['AI'].""""",In 1995  the end of the Cold War found the US Navy grappling with the doctrine that woud determine its role and its future.,"Naval Doctrine Command; Burke, Admirals; Holloway, Admirals; Kidd, Joe; Maglietta, Alfredo; McCaffrie, Jack; doctrine; Sun Tzu; Delbruck; multinational doctrine; joint doctrine",B&W 8.5 x 11 in or 280 x 216 mm Perfect Bound on White w/Gloss Lam,74,,,,21-Mar-23,21-Feb-23,18.99,15.99,26.99,17.99,28.99,40.0,40.0,40.0,40.0,40.0,Yes-Destroy,Yes-Destroy,Yes-Destroy,Yes-Destroy,Yes-Destroy,18.99,,18.99,18.99,18.99,18.99,18.99,18.99,18.99,18.99,30.0,,30.0,30.0,30.0,30.0,30.0,30.0,30.0,30.0,,,,,,,,,,,Y,6024045,W. Frederick Zimmerman,,,,,,,,25-Feb-23,17-Nov-23,12,20-Feb-23,,,,,0.432,9780000000000.0,1608881415,9781608881413,https://www.amazon.com/dp/1608881415?tag=ai4bookloversgpt-20
Report on Digital Asset Financial Stability Risks and Regulation 2022,9781608881291,1608881296,Available for Printing/Download,Perfect Bound,ENG,AI Lab for Book-Lovers,12.0,,0,"Financial Stability Oversight Council,",Cincinnatus [AI],,Author,Foreword by,,,,,BUS114000,BUSINESS & ECONOMICS / Bitcoin & Cryptocurrencies,BUS045000,BUSINESS & ECONOMICS / Money & Monetary Policy,LAW000000,LAW / General,Nimble Books LLC,1.0,,,,,In an ever more digitalized world  traditional financial markets repeatedly face the threat of disruption from cryptocurrency and other digital assets. The implications for financial stability and regulation are immense and need to be carefully considered. This timely report offers necessary insights into howwe can handle the risks posed by these emerging technologies in a way that allows us to effectively protect financial stability while promoting innovation in the sector.The world needs an informed debate on best practices surrounding digital asset regulation facilitated by rigorous economic analysis. This report compiles research based evidence needed for policies to prevent adverse outcomes associated with ill supervised cryptocurrency /token markets throughout a series of Brave New Worlds. \This book is enhanced with Nimble Books AI and includes a Foreword by Cincinnatus [AI]  Nimble's Contributing Editor for politics and governance; a variety of pithy abstracts including scientific style  tldr  tldr one word  Explain It to Me Like I'm Five Years Old  and Action Items; tools for viewpoint diversity including Dissents  Red Team Critiques  and MAGA Perspectives; a recursive summary with synopsis;page-by-page summaries; and interior art by artist herb.loc['AI'].,The FSOC Report on Digital Asset Financial Stability Risks and Regulation outlines the Council's findings on crypto-assets and recommends Congress pass legislation for a federal framework for stablecoin issuers to address market integrity  [...],FSOC Report; Digital Asset Financial Stability; Crypto-assets; Federal Framework; Stablecoin Issuers; Market Integrity; Investor/Consumer Protection; Payment System Risks.,Color 8.5 x 11 in or 280 x 216 mm Perfect Bound on 50 White w/Gloss Lam,156,,,,21-Feb-23,21-Feb-23,27.0,30.0,32.32,25.0,36.0,40.0,40.0,40.0,40.0,40.0,Yes-Destroy,Yes-Destroy,Yes-Destroy,Yes-Destroy,Yes-Destroy,27.0,,27.0,27.0,27.0,27.0,27.0,27.0,27.0,27.0,30.0,,30.0,30.0,30.0,30.0,30.0,30.0,30.0,30.0,,,,,,,,,,,Y,6024045,W. Frederick Zimmerman,,,,,,,,22-Feb-23,17-Nov-23,1312,20-Feb-23,,27.0,30.0,Yes-Destroy,0.836,9780000000000.0,1608881296,9781608881291,https://www.amazon.com/dp/1608881296?tag=ai4bookloversgpt-20
Bombs from On High,9781608881352,1608881350,Available for Printing/Download,Perfect Bound,ENG,AI Lab for Book-Lovers,13.0,,0,"Massie, Kevin B.",vantablack [AI],,Author,Foreword by,,,,,TEC025000,TECHNOLOGY & ENGINEERING / Military Science,TEC002000,TECHNOLOGY & ENGINEERING / Aeronautics & Astronautics,,,Nimble Books LLC,1.0,,,,,"With AI-guided Chinese surveillance balloons being shot down by US F-22s over US territorial waters  it is worth revisiting the US Air Force's long-standing interest in militarized airships.  This 2009 report by a US Air Force major attending the Air Command And Staff College Air University sets out the case for equipping US balloons with smart bombs.  From the author's abstract:Since the advent of aviation  aircraft have migrated from intelligence  surveillance  and reconnaissance(ISR) to weapons platforms. Balloons  airplanes  and UAVs all began as a means to observe the battlefield but were later armed in order to attack the observed enemy. The DOD currently seeks stratosphericairships that could serve as persistent ISR platforms... Like their forerunners in otherwars  stratospheric airships could become weaponized stratospheric airship (WSA). [The paper explores] two wartime scenarios: thelow-intensity conflict of Operation Iraqi Freedom and the near-peer conventional conflict of a Chineseinvasion of Taiwan. The paper will show that even though limited numbers of munitions  significantmunitions replenishment time  and low CAS mission situational awareness hamper the WSA concept  itshould still be pursued ... because it provides a persistent  survivable  and cost effective mechanism of droppingmunitions over a battlefield."""" This book is annotated by Nimble AI and includes a Foreword by Nimble's contributing editor for Aerospace; a variety of pithy  opinionated abstracts including scientific style  tldr  tldr one word  Explain It to Me Like I'm Five Years Old  and Action Items; tools to stimulate viewpoint diversity such as Dissents  Red Team Critiques  and MAGA Perspectives; a recursive summary with synopsis; page-by-page summaries; and interior art by Nimble Books staff artist herb.loc['AI'].",Airship and munitions technology can increase payload and power for ISR missions  but have limited range and persistence.,Airship technology; Munitions technology; Payload; Power; ISR missions; Range; Persistence; W. Russian S-300PMU; Air defense system; C2 operations; CAS operations;,Color 8.5 x 11 in or 280 x 216 mm Perfect Bound on 50 White w/Gloss Lam,92,,,,21-Feb-23,21-Feb-23,21.99,18.99,27.15,21.99,30.06,40.0,40.0,40.0,40.0,40.0,Yes-Destroy,Yes-Destroy,Yes-Destroy,Yes-Destroy,Yes-Destroy,21.99,,21.99,21.99,21.99,21.99,21.99,21.99,21.99,21.99,30.0,,30.0,30.0,30.0,30.0,30.0,30.0,30.0,30.0,,,,,,,,,,,Y,6024045,W. Frederick Zimmerman,,,,,,,,22-Feb-23,17-Nov-23,1312,20-Feb-23,,21.99,30.0,Yes-Destroy,0.52,9780000000000.0,1608881350,9781608881352,https://www.amazon.com/dp/1608881350?tag=ai4bookloversgpt-20
Current Tactical Orders and Doctrine,9781608881390,1608881393,Available for Printing/Download,Case Laminate,ENG,AI Lab for Book-Lovers,15.0,,0,"United States Fleet,",Jellicoe [AI],,Author,Foreword by,,"Organizational author is Headquarters of the Commander in Chief, United States Fleet, Washington, DC",,,HIS027150,HISTORY / Military / Naval,HIS027390,HISTORY / Wars & Conflicts / World War II / Pacific Theater,HIS027380,HISTORY / Wars & Conflicts / World War II / Mediterranean Theater,Nimble Books LLC,1.0,,,Organization and Command<p>Conditions of Readiness<p>Cruising Instructions<p>Fighting Instructions<p>Special Operations<p>Supporting Doctrine and Instructions<p>Training<p>Appendices<p>,Current conventional wisdom says that the U.S. Navy never has had a centralized military doctrine. In point of fact  the U.S. Pacific Fleet in World War II operated under centralized war instructions  centralized general tactical instructions  U.S. Fleet Doctrine and Tactical Orders (USF-10)  Current Tactical Orders and Doctrine U.S. Padflc Fleet (PAC10)  and type doctrines and tactical orders prepared for each class of ship. Written and centralized multinational navy doctrine existed in the Atlantic theater during World War  The British and French Navies adopted many forms of U.S. Navy doctrine during the war. This written doctrine documented how commanders operated their forces at sea to win against a determined enemy engaged in mortal combat. Having written Navy doctrine did not detract from our victory at sea or the many victories of other navies. (Tritten  Lessons and Conclusions From the History of Navy andMilitary Doctrinal Development  1995),If you cut your teeth on the history of the US Navy in World War II -- Morison  Friedman  Beech  Hornfischer -- you'll find this book an irrestible  and irreplaceable  addition to your bookshelf. In 260 thoroughly illustrated pages it sketches out exactly what US Navy doctrine was at the culmination of the most successful naval war in history  which left the US Navy in unquestioned command of all the world's oceans. It's a fascinating read  and a must for anyone interested in the history of the US Navy.  It's also great context for understanding the DNA of modern naval warfare. While ranges and speeds have increased  most of the fundamental challenges in protecting fleets at sea remain largely unchanged.This book is annotated by Nimble AI and includes a Foreword by Jellicoe [AI]; a variety of pithy  opinionated abstracts including scientific style  tldr  tldr one word  Explain It to Me Like I'm Five Years Old  and Action Items; tools for viewpoint diversity such as Dissents  Red Team Critiques  and MAGA Perspectives; a recursive summary with synopsis; and an extended table of contents with summaries of each page.,The summarized learnings of the largest and most successful navy in human history.,task force; US Navy; Nimitz; carrier operations; task group; carrier defense,B&W 8.5 x 11 in or 280 x 216 mm Case Laminate on White w/Matte Lam,298,,,,21-Feb-23,21-Feb-23,33.99,31.99,36.99,31.99,36.99,40.0,40.0,40.0,40.0,40.0,Yes-Destroy,Yes-Destroy,Yes-Destroy,Yes-Destroy,Yes-Destroy,33.99,,33.99,33.99,33.99,33.99,33.99,33.99,33.99,33.99,30.0,,30.0,30.0,30.0,30.0,30.0,30.0,30.0,30.0,,,,,,,,,,,Y,6024045,W. Frederick Zimmerman,,,,,,,,22-Feb-23,17-Nov-23,413,20-Feb-23,,33.99,30.0,Yes-Destroy,2.159,9780000000000.0,1608881393,9781608881390,https://www.amazon.com/dp/1608881393?tag=ai4bookloversgpt-20
An Analysis Of The Origins Of The Covid-19 Pandemic,9781608882465,1608882462,Available for Printing/Download,Perfect Bound,ENG,AI Lab for Book-Lovers,10.0,,0,"Senate Committee on Health Education,...","Cincinnatus [AI],",,Author,Foreword by,,,,,HEA039000,HEALTH & FITNESS / Diseases & Conditions / General,SCI099000,SCIENCE / Life Sciences / Virology,LAW051000,LAW / International,Nimble Books LLC,1.0,,,,,From the algorithmic summary: Evidence suggests SARS-CoV-2 is a zoonotic spillover with multiple independent transmissions  genetic similarity between environmental samples and Avian Influenza A H7N9  no infected animals at Wuhan market  Chinese institutions in Wuhan collaborated with Western scientists  persistent biosafety issues at WIV  low genetic diversity of earliest infections explained by research-related incident at vaccine manufacturer  WHO-convened study looking into origins & presence in animals  NIH terminated grant to non-profit linked to WIV due to patent filings.,SARS-CoV-2 likely originated in humans in China  leading to Chinese government laws  WIV trainings and patents  a WHO study  and the termination of an NIH grant.,SARS-CoV-2; China origin; animal markets; Chinese law; WIV training; patents; WHO study; NIH grant termination;,Color 8.5 x 11 in or 280 x 216 mm Perfect Bound on 50 White w/Matte Lam,48,,,,31-Jan-23,31-Jan-23,18.99,16.99,24.56,18.98,27.2,40.0,40.0,40.0,40.0,40.0,Yes-Destroy,Yes-Destroy,Yes-Destroy,Yes-Destroy,Yes-Destroy,18.99,,18.99,18.99,18.99,18.99,18.99,18.99,18.99,18.99,30.0,,30.0,30.0,30.0,30.0,30.0,30.0,30.0,30.0,,,,,,,,,,,Y,6024045,W. Frederick Zimmerman,,,,,,,,9-Feb-23,17-Nov-23,1412,7-Feb-23,,25.99,30.0,Yes-Destroy,0.303,9780000000000.0,1608882462,9781608882465,https://www.amazon.com/dp/1608882462?tag=ai4bookloversgpt-20
"Report Of Investigation: Security Failures At The United States Capitol On January 6, 2021",9781608882588,1608882586,Available for Printing/Download,Perfect Bound,ENG,AI Lab for Book-Lovers,11.0,,0,"Banks et al., Congressman Jim","Cincinnatus [AI],",,Author,Foreword by,,,,,POL030000,POLITICAL SCIENCE / American Government / National,POL006000,POLITICAL SCIENCE / American Government / Legislative Branch,LAW109000,LAW / Government / General,Nimble Books LLC,1.0,,,,,The storming of the United States Capitol on January 6  2021 was ashock to us all  even AIs. We saw a failure of security systems in ournation's most hallowed and secure building: one that we had been trainedto believe should be safe and accessible for Congressional proceedings atall times. It has become increasingly clear that we must understand thefailures in order to effectively prevent them from happening again in thefuture.<p>That is why this report directed by Congressman Jim Banks and hiscolleagues is necessary reading for all Americans interested in maintainingthe integrity of our governing institutions moving forward. More than justan inquiry into events leading up to this shameful chapter of Americanhistory  this book raises important questions about how governmentalentities like the USCP Board can ensure safety for both elected officialsand constituents alike. Filled with incisive research compiled usingfirsthand sources and interviews with experts  it offers timely guidance forunderstanding what truly happened on that fateful day:causes not onlyfrom outside the norms government  but within portions of the executiveand legislative branches that were supposedly acting as designed. Thiscomprehensive work illuminates how vulnerable our country may bewithout improved safeguards & protocols.<p>We owe an immense debt to Congressman Jim Banks  his colleagues  and his minoritystaff members  whose hard work made this book possible - read it carefullyso that together we can protect lives going forward.<p>Cincinnatus [AI],House Appropriations Committee reforms U.S. Capitol Police Board and calls Chief Sun and Irving to discuss security for Jan 6  2021; GAO audit in 2001 recommended two new oversight members  documents provided by House Sergeant at Arms on Jan 28  2022.,"U.S. Capitol Police Board; House Appropriations Committee; Chief Sun; Irving; Security; January 6, 2021; GAO audit; Oversight Members; House Sergeant at Arms; January 28, 2022;",Color 8.5 x 11 in or 280 x 216 mm Perfect Bound on 50 White w/Matte Lam,152,,,,31-Jan-23,31-Jan-23,25.99,22.99,33.62,25.97,37.23,40.0,40.0,40.0,40.0,40.0,Yes-Destroy,Yes-Destroy,Yes-Destroy,Yes-Destroy,Yes-Destroy,25.99,,25.99,25.99,25.99,25.99,25.99,25.99,25.99,25.99,30.0,,30.0,30.0,30.0,30.0,30.0,30.0,30.0,30.0,,,,,,,,,,,Y,6024045,W. Frederick Zimmerman,,,,,,,,8-Feb-23,17-Nov-23,1412,7-Feb-23,,25.99,30.0,Yes-Destroy,0.816,9780000000000.0,1608882586,9781608882588,https://www.amazon.com/dp/1608882586?tag=ai4bookloversgpt-20
a Blue Arctic,9781608882410,1608882411,Revision Incomplete,Perfect Bound,ENG,AI Lab for Book-Lovers,9.0,,0,"Department of the Navy,","Jellicoe [AI],",,Author,Foreword by,,,,,,,POL011010,POLITICAL SCIENCE / International Relations / Diplomacy,SCI042000,SCIENCE / Earth Sciences / Meteorology & Climatology,Nimble Books LLC,1.0,,,,,"Welcome to the world of the Blue Arctic! Through this book  you will be taken on a journey of discovery into one of Earth's most remote and fascinating regions.The US Navy has been increasing its presence in Arctic waters over the past few years  with an eye towards promoting peace and protecting our interests throughout the region. The Navy is engaging in interoperability exercises and drills with allies and partners across both land and sea  all with a singular purpose - to ensure safety and security for all involved.The author for this work - the US Department of the Navy - is perfectly suited to tell such a tale: they are experts in both maritime affairs and Arctic operations as well as renowned global policymakers. This gives them unique insight into how best these ocean areas can be utilized by our nation's armed forces while still protecting endangered areas from climate change.From underwater submarines to advanced satellite surveillance systems  readers will get an insider's glimpse into how today's technologies can push us ever closer to understanding what lies beneath these icy outposts. Meanwhile  we learn about current events related to international relations occurring above water - such as increased tension with Russia - that are just as vital when it comes to ensuring everyone remains safe while exploring new horizons.Discovering the strategic maneuverings around the Earth's Seventh Sea should not only create excitement but also consider the issue more broadly-what other new strategic theatres will open up in the remainder of the 21st Century? Space; the Moon; the deep sea and seabed; ""climate migration zones""; AI versusAI conflicts? In each case  nations must rally resources and resolve to meet new challenges  as the US is doing in this document.Jellicoe [AI]",The US Navy is increasing its presence in Arctic waters to promote peace and US interests  through working with allies and partners  and taking part in regional exercises.,US Navy; Arctic waters; peace; US interests; interoperability; allies; partners; regional exercises;,Color 8.5 x 11 in or 280 x 216 mm Perfect Bound on 50 White w/Matte Lam,40,Y,,,31-Jan-23,31-Jan-23,18.99,16.99,24.56,18.98,27.2,40.0,40.0,40.0,40.0,40.0,Yes-Destroy,Yes-Destroy,Yes-Destroy,Yes-Destroy,Yes-Destroy,18.99,,18.99,18.99,18.99,18.99,18.99,18.99,18.99,18.99,30.0,,30.0,30.0,30.0,30.0,30.0,30.0,30.0,30.0,,,,,,,,,,,Y,6024045,W. Frederick Zimmerman,"""""",,,,,,,11-Dec-22,11-Dec-23,1412,3-Dec-22,,18.99,30.0,Yes-Destroy,0.264,9780000000000.0,1608882411,9781608882410,https://www.amazon.com/dp/1608882411?tag=ai4bookloversgpt-20
