ISBN,Title,Author,Format,Gross Qty,Returned Qty,Net Qty,Net Compensation,Sales Market
9781608880836,Capital Ships of the Imperial Japanese Navy 1868-1945: The Yamato Class and Subsequent Planning,"Lengerer, Hans",Hardcover,951,0,951,11761.54,US
9781608881819,Imperial Japanese Navy 1932-1945 Warships and Colours: With Japanese Army Vessels and Three Special Bonus Pages,"Wright, Malcolm",Hardcover,422,0,422,10363.04,US
9781608880584,The Essential Saker: from the trenches of the emerging multipolar world,"The Saker,",Hardcover,1001,0,1001,7795.39,US
9781608880461,The World Wonder'd: What Really Happened Off Samar,"Lundgren, Robert",Hardcover,942,0,942,7747.18,US
9781934840856,Building the PT Boats: An Illustrated History of U.S. Navy Torpedo Boat Construction in World War II,"Andruss Sr, Frank J.,  J.",Paperback,340,0,340,6607.23,US
9781608881208,Why the USS Scorpion (SSN 589) Was Lost: The Death of a Submarine in the North Atlantic,"Rule, Bruce",Hardcover,539,0,539,5519.36,US
9781608881642,Empire of Chaos,"Escobar, Pepe",Hardcover,512,-1,511,4822.27,US
9781934840177,The Handbook of Fifth-Generation Warfare (5GW),"Abbott, Daniel H.",Hardcover,450,0,450,4059.12,US
9780978813826,GLOBALISTAN: An Antidote to THE WORLD IS FLAT,"Escobar, Pepe,",Paperback,184,0,184,3846.35,US
9781608881819,Imperial Japanese Navy 1932-1945 Warships and Colours: With Japanese Army Vessels and Three Special Bonus Pages,"Wright, Malcolm",Hardcover,107,0,107,3744.04,UK
9781608881680,Why the USS Thresher (SSN 593) Was Lost,"Rule, Bruce",Hardcover,536,0,536,3532.81,US
9781608880577,Department of Defense Law of War Manual,"Department of Defense, OGC",Hardcover,65,0,65,2954.23,US
9781934840986,Blood on Our Hands: The American Invasion and Destruction of Iraq,"Davies, Nicolas J. S.",Paperback,274,0,274,2810.25,US
9781608880584,The Essential Saker: from the trenches of the emerging multipolar world,"The Saker,",Hardcover,361,0,361,2740.89,UK
9781608880881,Spacepower: Doctrine for Space Forces,United States Space Force,Hardcover,340,0,340,2542.9,US
9781608881888,Navigation Rules and Regulations Handbook,Department of Homeland Security,Hardcover,380,-1,379,2528.28,US
9781608881192,Jane's Fighting Ships 1900 (facsimile edition),"Jane, Frederick T.",Paperback,47,-1,46,2387.88,US
9781934840467,"The John Boyd Roundtable: Debating Science, Strategy, and War","Safranski, Mark",Paperback,160,0,160,2161.75,US
9781608881642,Empire of Chaos,"Escobar, Pepe",Hardcover,242,0,242,2090.22,UK
9781608881499,PT Boats Behind The Scenes,"Andruss Sr., Frank J.",Hardcover,100,0,100,2067.37,US
9780978813826,GLOBALISTAN: An Antidote to THE WORLD IS FLAT,"Escobar, Pepe,",Paperback,140,0,140,1903.5,UK
9781608880836,Capital Ships of the Imperial Japanese Navy 1868-1945: The Yamato Class and Subsequent Planning,"Lengerer, Hans",Hardcover,128,0,128,1890.22,UK
9781608881130,The Royal Navy's Revenge and Other Little-Known Encounters of the War at Sea,"O'Hara, Vincent P.",Hardcover,168,0,168,1668.32,US
9781608881802,Pieces of History: Artifacts of the PT Boat Navy,"Andruss, Frank, J.",Hardcover,107,0,107,1615.12,US
9781934840832,Obama Does Globalistan,"Escobar, Pepe",Paperback,122,0,122,1582.63,US
9781608881604,FLEETS OF WORLD WAR II: Design History and Analysis for Every Ship of Every Navy (Revised Edition),"Worth, Richard",Hardcover,198,0,198,1534.03,US
9781608882335,Raging Twenties: Great Power Politics Meets Techno-Feudalism,"Escobar, Pepe",Hardcover,155,0,155,1491.45,US
9780979920516,Global Perspectives on Space Power,"Szymanski, Paul,",Hardcover,51,0,51,1465.71,US
9781608880737,Building the PT Boats: An Illustrated History of U.S. Navy Torpedo Boat Construction in World War II,"Andruss Sr., Frank, J.",Hardcover,65,0,65,1438.05,US
9781608880355,2030,"Escobar, Pepe",Paperback,282,0,282,1385.59,US
9781608880591,Report of Operation HighJump: U.S. Navy Antarctic Development Program 1947,U.S. Navy,Hardcover,180,0,180,1233.74,US
9781608881376,The Art of War of Bernadotte,"Bernadotte, Jean-Baptiste",Paperback,217,0,217,1233.37,US
9781608881437,United States - Vietnam Relations 1945 - 1967 (The Pentagon Papers) (Volume 1),"Office of the Secretary of Defense,",Hardcover,53,0,53,1212.66,US
9781608881659,Battleship Victory: Principles of Sea Power in the War in the Pacific,"Lundgren, Robert",Hardcover,124,0,124,1164.19,US
9781608881666,"Amalgamated International and U.S. Inland Navigation Rules: Amalgamation of the International Regulations for Preventing Collisions at Sea and the U.S. Inland Navigation Rules, their Annexes, and associated Federal regulations",United States Coast Guard,Hardcover,248,0,248,1037.4,US
9781608880997,MTBSTC: Motor Torpedo Boat Squadrons Center,"Jones, Charles B.",Hardcover,57,0,57,949.78,US
9781608880553,Alien: How Operational Art Devoured Strategy,"Kelly, Justin",Paperback,95,0,95,906.35,US
9781934840986,Blood on Our Hands: The American Invasion and Destruction of Iraq,"Davies, Nicolas J. S.",Paperback,97,0,97,885.79,UK
9781608880133,"U.S. Patrol Torpedo Boats in World War II, 1939-1945","Connelly, T. Garth",Paperback,64,0,64,833.63,US
9781934840177,The Handbook of Fifth-Generation Warfare (5GW),"Abbott, Daniel H.",Hardcover,103,0,103,790.66,UK
9781608881628,Halsey's Decision: Organizational Failure at Leyte Gulf,"Brooks, David L.",Paperback,152,0,152,775.06,US
9781934840979,Principles of War,"Hapsburg, Archduke Charles von",Paperback,82,0,82,772.1,US
9781608880089,European Axis Signal Intelligence in World War II,"National Security Agency,",Hardcover,15,0,15,770.22,US
9781608880355,2030,"Escobar, Pepe",Paperback,253,0,253,767.44,UK
9781934840443,The Unauthorized Harry Potter Quiz Book: 165 Questions Ranging from The Sorcerer's Stone to The Deathly Hallows,"Davis, Graeme",Paperback,54,0,54,760.33,US
9781934840184,"BB-67 Montana, U.S. Navy Battleship: Why She Matters Today","Zimmerman, W. Frederick",Paperback,76,0,76,757.23,US
9781934840917,Dark Navy: The Italian Regia Marina and the Armistice of 8 September 1943,"O'Hara, Vincent",Paperback,75,0,75,754.17,US
9781608880508,Rise of the Drones: Unmanned Systems and the Future of War,"U. S. House of Representatives, House Of",Paperback,70,0,70,695.69,US
9781608880461,The World Wonder'd: What Really Happened Off Samar,"Lundgren, Robert",Hardcover,103,0,103,656.11,UK
9781608881062,Brave Just Like Me,"Ruff, Kimberly",Paperback,159,0,159,594,US
9781608884087,Football Nomad,"Radakovich, Dan",Hardcover,46,0,46,566.02,US
9781934840467,"The John Boyd Roundtable: Debating Science, Strategy, and War","Safranski, Mark",Paperback,84,0,84,562.74,UK
9781608880270,Historical Bibliography of Sea Mine Warfare,"Patterson, Andrew",Paperback,58,0,58,559.9,US
9781608882007,A Good and Favorable Wind: The Unusual Story Of A Submarine Under Sail And Its Cautionary Lessons For The Modern Navy,"Johnston, David, L.",Hardcover,60,0,60,555.55,US
9781934840832,Obama Does Globalistan,"Escobar, Pepe",Paperback,44,0,44,547.96,UK
9781608880225,"Operation Sea Lion: A Joint Critical Analysis, Or, How Hitler Could Have Won, If He Were More Joint","McCanne, Lt Col Randy",Paperback,43,0,43,545.5,US
9781608880348,The Russia-Georgia War,"Boufesis, Alexandros Fox",Hardcover,77,0,77,543.28,US
9781608881017,Thunder in its Courses: Essays on the Battlecruiser,"Worth, Richard",Hardcover,52,0,52,515.44,US
9781608882335,Raging Twenties: Great Power Politics Meets Techno-Feudalism,"Escobar, Pepe",Hardcover,42,0,42,492.98,UK
9781608882359,History of the Indian tribes of North America [Single-Volume Facsimile Edition]: with Biographical Sketches and Anecdotes of the Principal Chiefs,"McKenney, Thomas, L.",Hardcover,11,0,11,482.69,US
9781608880508,Rise of the Drones: Unmanned Systems and the Future of War,"U. S. House of Representatives, House Of",Paperback,51,0,51,479.17,UK
9781608881499,PT Boats Behind The Scenes,"Andruss Sr., Frank J.",Hardcover,32,0,32,473.38,UK
9781608881550,The Ghosts of Stalingrad:  Why the Airlift Didn't Work,"Akins II, Willard B.",Paperback,55,0,55,467.52,US
9781608880300,Hitler's Malta Option: A Comparison of the Invasion of Crete (Operation Merkur) and the Proposed Invasion of Malta (Operation Hercules),"Kavanaugh, Stephen L. W.",Paperback,49,0,49,459.01,UK
9781608880874,The King's English (2d edition),"Fowler, H.W.",Hardcover,52,0,52,456.01,US
9781934840856,Building the PT Boats: An Illustrated History of U.S. Navy Torpedo Boat Construction in World War II,"Andruss Sr, Frank J.,  J.",Paperback,28,0,28,449.56,UK
9781608881468,United States - Vietnam Relations 1945 - 1967 (The Pentagon Papers) (Volume 4),"Office of the Secretary of Defense,",Hardcover,27,0,27,447.33,US
9781608880478,Packed and Loaded: Conversations with James M. Cain,"Cain, James M.",Paperback,45,0,45,437.95,US
9781608881192,Jane's Fighting Ships 1900 (facsimile edition),"Jane, Frederick T.",Paperback,11,0,11,434.98,UK
9781934840122,"Mastering Space War: The Advanced Strategies, Technologies, and Theories Needed For Victory","Szymanski, Paul",Hardcover,20,0,20,431.2,US
9781608881161,Citizen Arianna: The Huffington Post / AOL Merger: Triumph or Tragedy?,"Snow, Dr Nancy",Paperback,41,0,41,409.51,US
9781608880089,European Axis Signal Intelligence in World War II,"National Security Agency,",Hardcover,11,0,11,409.06,UK
9781934840917,Dark Navy: The Italian Regia Marina and the Armistice of 8 September 1943,"O'Hara, Vincent",Paperback,46,0,46,407.68,UK
9781608881581,United States - Vietnam Relations 1945 - 1967 (The Pentagon Papers) (Volume 9),"Office of the Secretary of Defense,",Hardcover,20,0,20,404.05,US
9781934840443,The Unauthorized Harry Potter Quiz Book: 165 Questions Ranging from The Sorcerer's Stone to The Deathly Hallows,"Davis, Graeme",Paperback,44,0,44,397,UK
9781608881444,United States - Vietnam Relations 1945 - 1967 (The Pentagon Papers) (Volume 2),"Office of the Secretary of Defense,",Hardcover,20,0,20,394.88,US
9781608880065,Journey to the End of the Earth: WW2 Wargames in the Frozen North,"Wright, Mal",Paperback,32,0,32,387.67,US
9781608881963,Chief of Space Operations' Planning Guidance: 1st Chief of Space Operations,United States Space Force,Hardcover,113,0,113,380.16,US
9781608880027,The Simple Sabotage Manual: Timeless Managerial Wisdom from the Intelligence Community,"Office of Strategic Services, Of Strateg",Paperback,37,0,37,377.86,US
9781934840221,"CVN-71 THEODORE ROOSEVELT, U.S. Navy Aircraft Carrier","Zimmerman, W. Frederick",Paperback,38,0,38,374.15,US
9781934840214,"CVN-70 CARL VINSON, U.S. Navy Aircraft Carrier","Zimmerman, W. Frederick",Paperback,37,0,37,364.46,US
9780978813895,Red Zone Blues: a snapshot of Baghdad during the surge,"Escobar, Pepe",Paperback,37,0,37,359.35,US
9781608881130,The Royal Navy's Revenge and Other Little-Known Encounters of the War at Sea,"O'Hara, Vincent P.",Hardcover,41,0,41,354.24,UK
9781934840306,"SSN-23 JIMMY CARTER, U.S. Navy Submarine (Seawolf class)","Zimmerman, W. Frederick",Paperback,36,0,36,351.59,US
9781608881604,FLEETS OF WORLD WAR II: Design History and Analysis for Every Ship of Every Navy (Revised Edition),"Worth, Richard",Hardcover,31,0,31,348.34,UK
9781934840900,Born American: A Chinese Woman's Dream of Liberty,"Gong,  Sasha",Paperback,31,0,31,347.24,US
9781934840962,"The World's Warships 1915: Compiled from Jane's ""Fighting Ships""","Jane, Fred, T.",Hardcover,11,0,11,341.22,US
9781934840528,In the Shadow of the Battleship: Considering the Cruisers of World War II,"Worth, Richard",Paperback,26,0,26,339.87,US
9780978813819,The World Is Flat: Not! Cool New World Maps for Kids,"Zimmerman, W. Frederick",Paperback,34,0,34,338.69,US
9781608880300,Hitler's Malta Option: A Comparison of the Invasion of Crete (Operation Merkur) and the Proposed Invasion of Malta (Operation Hercules),"Kavanaugh, Stephen L. W.",Paperback,29,0,29,337.01,US
9781608881451,United States - Vietnam Relations 1945 - 1967 (The Pentagon Papers) (Volume 3),"Office of the Secretary of Defense,",Hardcover,16,0,16,336.68,US
9781608880430,Napoleon's Cavalry: A Key Element to Decisive Victory,"Shoffner, Thomas",Paperback,29,0,29,335.21,US
9781608881598,United States - Vietnam Relations 1945 - 1967 (The Pentagon Papers) (Volume 10),"Office of the Secretary of Defense,",Hardcover,19,0,19,333.84,US
9781934840399,"Through Stranger Eyes: Reviews, Introductions, Tributes & Iconoclastic Essays","Brin, David",Paperback,23,0,23,328.95,US
9781934840023,"CVN-78 GERALD R. FORD, U.S. Navy Aircraft Carrier","Zimmerman, W. Frederick",Paperback,43,0,43,321.45,UK
9781608880577,Department of Defense Law of War Manual,"Department of Defense, OGC",Hardcover,10,0,10,318.25,UK
9781934840979,Principles of War,"Hapsburg, Archduke Charles von",Paperback,34,0,34,311.54,UK
9781608881635,Memories and Records: the Lord FIsher Omnibus,"Fisher, Baron Sir John Arbuthnot",Hardcover,20,0,20,303.43,US
9781608881338,The Unauthorized Harry Potter Quiz Book,Graeme Davis,Ebook,158,0,158,303.36,US (Agency)
9781608880621,"Investigation of Forrestal Fire: Copy of findings, recommendations and opinions of investigation into fire on board USS Forrestal (CVA 59)",Chief of Naval Operations,Paperback,42,0,42,295.66,US
9781934840023,"CVN-78 GERALD R. FORD, U.S. Navy Aircraft Carrier","Zimmerman, W. Frederick",Paperback,30,0,30,295.32,US
9781608880973,"The ""Family Jewels"": Declassified Documents Released by the CIA under the Freedom of Information Act, June 2007","Central Intelligence Agency,",Hardcover,16,0,16,294.34,US
9781608881529,United States - Vietnam Relations 1945 - 1967 (The Pentagon Papers) (Volume 7),"Office of the Secretary of Defense,",Hardcover,16,0,16,286.66,US
9781608881208,Why the USS Scorpion (SSN 589) Was Lost: The Death of a Submarine in the North Atlantic,"Rule, Bruce",Hardcover,41,0,41,286.11,UK
9781934840184,"BB-67 Montana, U.S. Navy Battleship: Why She Matters Today","Zimmerman, W. Frederick",Paperback,42,0,42,280.8,UK
9781608881680,Why the USS Thresher (SSN 593) Was Lost,"Rule, Bruce",Hardcover,40,0,40,278.36,UK
9781608881550,The Ghosts of Stalingrad:  Why the Airlift Didn't Work,"Akins II, Willard B.",Paperback,37,0,37,270.52,UK
9781608881659,Battleship Victory: Principles of Sea Power in the War in the Pacific,"Lundgren, Robert",Hardcover,38,0,38,259.71,UK
9781608880805,"Winter's Guide to Warships 1890: Volume 1: Britain, Italy, Turkey, and Smaller Navies","Malkov, Dimitry",Hardcover,9,0,9,255.53,UK
9781608881024,"The Regia Marina's MAS Boats, 1915-1945","Connelly, T. Garth",Hardcover,22,0,22,253.29,US
9781934840429,The Ship Killers: The Definitive Illustrated History of the Torpedo Boat,"Hinds, Joe",Hardcover,9,0,9,246.5,US
9781608881888,Navigation Rules and Regulations Handbook,Department of Homeland Security,Hardcover,51,0,51,242.99,UK
9781934840399,"Through Stranger Eyes: Reviews, Introductions, Tributes & Iconoclastic Essays","Brin, David",Paperback,20,0,20,239.26,UK
9781608881321,With the Battle Cruisers,"Young, Filson",Hardcover,20,0,20,235.28,US
9781934840030,X-47 Unmanned Combat Air Vehicle (UCAV),"Zimmerman, W. Frederick",Paperback,23,0,23,227.5,US
9781608882007,A Good and Favorable Wind: The Unusual Story Of A Submarine Under Sail And Its Cautionary Lessons For The Modern Navy,"Johnston, David, L.",Hardcover,26,0,26,224.89,UK
9781608881178,Arsenal Ship Omnibus,"Zimmerman, W. Frederick",Hardcover,4,0,4,223.88,US
9781608880065,Journey to the End of the Earth: WW2 Wargames in the Frozen North,"Wright, Mal",Paperback,24,0,24,222.13,UK
9781608880775,Dark Navy: The Italian Regia Marina and the Armistice of 8 September 1943,"O'Hara, Vincent",Hardcover,25,0,25,218.77,US
9781608880409,Crete: The Graveyard of the Fallschirmjger,"Bond, Major George",Paperback,18,0,18,217.48,US
9781608881017,Thunder in its Courses: Essays on the Battlecruiser,"Worth, Richard",Hardcover,26,0,26,213.75,UK
9781608880676,Guide to Captured German Documents [World War II Bibliography],"Weinberg, Gerhard L.",Paperback,24,0,24,212.65,US
9781608881543,Doubling The Fleet: An Analysis of the Causal Factors Behind the U.S. Navy's Warship Building Program from 1933-1941,"Barrett, John M.",Paperback,14,0,14,212.63,US
9781608880287,The Influence of Maritime Theorists Alfred Thayer Mahan and Sir Julian Corbett on the Development of German Naval Strategy 1930-1936,"Cribbs, Donald",Paperback,21,0,21,212.3,US
9781608880409,Crete: The Graveyard of the Fallschirmjger,"Bond, Major George",Paperback,20,0,20,206.01,UK
9781608880133,"U.S. Patrol Torpedo Boats in World War II, 1939-1945","Connelly, T. Garth",Paperback,18,0,18,204.02,UK
9781934840955,Imperial Japanese Navy 1932-1945 Warships and Colours: With Japanese Army Vessels and Three Special Bonus Pages,"Wright, Malcolm",Paperback,21,0,21,202.86,US
9780978813895,Red Zone Blues: a snapshot of Baghdad during the surge,"Escobar, Pepe",Paperback,35,0,35,197.16,UK
9781934840252,"CVN-74 JOHN C. STENNIS, U.S. Navy Aircraft Carrier","Zimmerman, W. Frederick",Paperback,20,0,20,197.12,US
9781608880393,World War II Vertical Envelopment: The German Influence on U.S. Army Airborne Operations,"Sheehan, Thomas J.",Paperback,17,0,17,196.21,US
9781608881536,United States - Vietnam Relations 1945 - 1967 (the Pentagon Papers) (Volume 8),Office of the Secretary of Defense,Hardcover,10,0,10,195.43,US
9781608882342,Jane's Fighting Ships 1920 (facsimile edition),"Jane, Fred, T.",Hardcover,5,-1,4,193.52,US
9781934840696,Pocket Battleship Deutschland (Lutzow): Kriegsmarine Illustrated Ship Histories,"Bonomi, Antonio",Paperback,23,0,23,189.48,UK
9781934840696,Pocket Battleship Deutschland (Lutzow): Kriegsmarine Illustrated Ship Histories,"Bonomi, Antonio",Paperback,16,0,16,188.3,US
9781934840269,"CVN-75 HARRY S. TRUMAN, U.S. Navy Aircraft Carrier","Zimmerman, W. Frederick",Paperback,19,0,19,188.07,US
9781934840207,CVN-69 DWIGHT D. EISENHOWER: U.S. Navy Aircraft Carrier,"Zimmerman, W. Frederick",Paperback,19,0,19,187.15,US
9781608881420,United States - Vietnam Relations 1945 - 1967 (The Pentagon Papers) (Volume 5),"Office of the Secretary of Defense,",Hardcover,16,0,16,185.92,US
9780977742462,Misquotes in MISQUOTING JESUS: Why You Can Still Believe,"Burroughs, Dillon",Paperback,19,0,19,184.88,US
9781608881741,Technical Articles about the Voynich Manuscript,National Security Agency,Hardcover,26,0,26,184.22,US
9781608881864,Playbook For Early Response To High-Consequence Emerging Infectious Disease Threats And Biological Incidents,National Security Council,Hardcover,25,0,25,182.07,US
9781608881321,With the Battle Cruisers,"Young, Filson",Hardcover,19,0,19,181.8,UK
9781608880362,"Obama's Nuclear Posture Review: Or, We Won't Nuke You Unless You Are a Really Bad Country, or We Change Our Minds","Gates, Robert M.",Paperback,15,0,15,180,US
9781934840153,"Cool Maps of Cuba: An Atlas of History, Population, Resources Before and After Fidel Castro","Zimmerman, W. Frederick",Paperback,18,0,18,179.72,US
9781934840085,"CVN-76 RONALD REAGAN, U.S. Navy Aircraft Carrier","Zimmerman, W. Frederick",Paperback,18,0,18,178.62,US
9780979920523,Stellar Atmospheres: A Contribution To The Observational Study Of High Temperature In The Reversing Layers Of Stars,"Payne, Cecilia, H.",Hardcover,22,0,22,177.94,US
9781608881697,2030,"Escobar, Pepe",Hardcover,20,0,20,176.72,US
9781934840160,"Jane's Fighting Ships 1904. (Naval Encyclopedia and Year Book): Facsimile Edition. Volume 2 of 2.  United States, Japan, Italy, Austria-Hungary, Coast Defense Navies, Minor Navies, topical surveys.","Jane, Fred, T.",Hardcover,6,0,6,172.45,US
9781608880805,"Winter's Guide to Warships 1890: Volume 1: Britain, Italy, Turkey, and Smaller Navies","Malkov, Dimitry",Hardcover,6,0,6,171.87,US
9781608882335,Raging Twenties: Great Power Politics Meets Techno-Feudalism,"Escobar, Pepe",Hardcover,18,0,18,170.72,DE (Global Connect)
9781934840245,"CVN-73 GEORGE WASHINGTON, U.S. Navy Aircraft Carrier","Zimmerman, W. Frederick",Paperback,17,0,17,169.42,US
9781608881079,Silly Rhymes for Fun Times,"Wigden, Susan",Paperback,26,0,26,169.36,US
9781608881635,Memories and Records: the Lord FIsher Omnibus,"Fisher, Baron Sir John Arbuthnot",Hardcover,11,0,11,169.34,UK
9781934840238,"CVN-72 ABRAHAM LINCOLN, U.S. Navy Aircraft Carrier","Zimmerman, W. Frederick",Paperback,17,0,17,168.86,US
9781608880096,Cold War Saga,"Jenkins, Kempton",Paperback,17,0,17,168.56,US
9780979920516,Global Perspectives on Space Power,"Szymanski, Paul,",Hardcover,6,0,6,168.51,UK
9781934840191,"CVN-68 NIMITZ, U.S. Navy Aircraft Carrier","Zimmerman, W. Frederick",Paperback,22,0,22,165.2,UK
9781608880881,Spacepower: Doctrine for Space Forces,United States Space Force,Hardcover,28,0,28,162.55,UK
9781608880874,The King's English (2d edition),"Fowler, H.W.",Hardcover,21,0,21,162.41,UK
9781608881109,Secrets of the Modern World: Thomas Malthus,"MacFarlane, Alan, Professor",Paperback,10,0,10,160.96,US
9781608881154,Re-reading A GAME OF THRONES: A Critical Response to George R.R. Martin's Fantasy Classic,"Verhoeve, Remy J.",Hardcover,20,0,20,159.45,US
9781608880324,Falling from Grace: The German Airborne (Fallschirmjager) in World War II,"Mason, Chris",Paperback,13,0,13,156.88,US
9781934840528,In the Shadow of the Battleship: Considering the Cruisers of World War II,"Worth, Richard",Paperback,20,0,20,154.32,UK
9781608880287,The Influence of Maritime Theorists Alfred Thayer Mahan and Sir Julian Corbett on the Development of German Naval Strategy 1930-1936,"Cribbs, Donald",Paperback,18,0,18,154.23,UK
9781608880324,Falling from Grace: The German Airborne (Fallschirmjager) in World War II,"Mason, Chris",Paperback,15,0,15,153.93,UK
9781934840085,"CVN-76 RONALD REAGAN, U.S. Navy Aircraft Carrier","Zimmerman, W. Frederick",Paperback,19,0,19,153.78,UK
9781608881512,United States - Vietnam Relations 1945 - 1967 (The Pentagon Papers) (Volume 6),"Office of the Secretary of Defense,",Hardcover,10,0,10,151.65,US
9780978813840,Daniel Defoe's Robinson Crusoe and Alexander Selkirk,"Bruce, Stevey",Paperback,19,0,19,150.26,UK
9781608881178,Arsenal Ship Omnibus,"Zimmerman, W. Frederick",Hardcover,3,0,3,149.67,UK
9781934840191,"CVN-68 NIMITZ, U.S. Navy Aircraft Carrier","Zimmerman, W. Frederick",Paperback,15,0,15,149.49,US
9781934840139,"Cool Maps of Iran: Persian History, Oil Wealth, Politics, Population, Religion, Satellite, WMD and More","Zimmerman, W. Frederick",Paperback,15,0,15,149.2,US
9781608881574,Domestic Investigations and Operations Guide,Federal Bureau of Investigation,Hardcover,4,0,4,148.42,US
9781934840658,"The Definitive Illustrated History of the Torpedo Boat, Volume VII: 1943 (the Ship Killers)","Hinds, Joe",Paperback,15,0,15,147.36,US
9781608880263,"The Influence of Naval Power on the Course of the Spanish Civil War, 1936-1939","Kersh, John M.",Paperback,16,0,16,143.35,UK
9781934840610,"The Definitive Illustrated History of the Torpedo Boat -- Volume III, 1900 - 1939 (The Ship Killers)","Hinds, Joe",Paperback,11,0,11,143.01,US
9781934840429,The Ship Killers: The Definitive Illustrated History of the Torpedo Boat,"Hinds, Joe",Hardcover,3,0,3,142.79,UK
9781934840917,Dark Navy: The Italian Regia Marina and the Armistice of 8 September 1943,"O'Hara, Vincent",Paperback,13,0,13,140.73,IT (Global Connect)
9781934840177,The Handbook of Fifth-Generation Warfare (5GW),"Abbott, Daniel H.",Hardcover,15,0,15,140.56,IN (Global Connect)
9781934840344,Battleship YAMATO: Why She Matters Today,"Zimmerman, W. Frederick",Paperback,14,0,14,139.89,US
9781934840467,"The John Boyd Roundtable: Debating Science, Strategy, and War","Safranski, Mark",Paperback,10,0,10,139.28,IT (Global Connect)
9781934840375,"War Bots: How U.S. Military Robots Are Transforming War in Iraq, Afghanistan, and the Future","Axe, David",Paperback,11,0,11,139.12,US
9781934840818,Persuader-in-Chief: Global Opinion and Public Diplomacy in the Age of Obama,"Snow, Nancy",Paperback,15,0,15,136.71,US
9781608882595,Spar-torpedo instructions for the United States Navy,United States Naval Torpedo Station (...,Paperback,14,0,14,135.52,US
9781608880218,So Much for Democracy: Citizens United v. Federal Election Commission,"UNited States Supreme Court,",Paperback,14,0,14,135.21,US
9781608881123,Secrets of the Modern World: Yukichi Fukuzawa,"MacFarlane, Alan, Professor",Paperback,9,0,9,134.88,US
9781608881260,"The Navy's Nuclear Power Plant in Antarctica: Final Operating Report for the PM-3A Nuclear Power Plant, McMurdo Station, Antarctica",U.S. Navy Nuclear Power Unit,Hardcover,19,0,19,134.07,US
9781608880737,Building the PT Boats: An Illustrated History of U.S. Navy Torpedo Boat Construction in World War II,"Andruss Sr., Frank, J.",Hardcover,6,0,6,133.36,UK
9781934840139,"Cool Maps of Iran: Persian History, Oil Wealth, Politics, Population, Religion, Satellite, WMD and More","Zimmerman, W. Frederick",Paperback,17,0,17,130.6,UK
9781608881024,"The Regia Marina's MAS Boats, 1915-1945","Connelly, T. Garth",Hardcover,18,0,18,130.25,UK
9780978813819,The World Is Flat: Not! Cool New World Maps for Kids,"Zimmerman, W. Frederick",Paperback,15,0,15,130.22,UK
9781608880294,"Command and Control of the First Modern Joint Campaign: The German Invasion of Denmark and Norway, April 1940","Strahan, Robert W.",Paperback,13,0,13,130.11,US
9781608880263,"The Influence of Naval Power on the Course of the Spanish Civil War, 1936-1939","Kersh, John M.",Paperback,13,0,13,128.81,US
9781934840368,"Revolutionary Strategies in Early Christianity: 4th Generation Warfare (4GW) Against the Roman Empire, and the Counterinsurgency (COIN) Campaign to Save It","Abbott, Daniel H.",Paperback,13,0,13,127.64,US
9781934840368,"Revolutionary Strategies in Early Christianity: 4th Generation Warfare (4GW) Against the Roman Empire, and the Counterinsurgency (COIN) Campaign to Save It","Abbott, Daniel H.",Paperback,24,0,24,123.19,UK
9781608880591,Report of Operation HighJump: U.S. Navy Antarctic Development Program 1947,U.S. Navy,Hardcover,36,0,36,120.74,UK
9781934840627,"The Definitive Illustrated History of the Torpedo Boat -- Volume IV, 1939-1940 (The Ship Killers)","Hinds, Joe",Paperback,12,0,12,120.57,US
9781934840665,"The Definitive Illustrated History of the Torpedo Boat, Volume VIII: 1944 (the Ship Killers)","Hinds, Joe",Paperback,12,0,12,120.47,US
9781608880157,German Underwater Ordnance Mines (Kriegsmarine Technical Studies),"Bureau of Ordnance, U.S. Navy",Paperback,12,0,12,119.62,US
9780978813888,A Fandom of Magical Proportions: An Unauthorized History of The Harry Potter Phenomenon,"Pyne, Erin, A.",Paperback,12,0,12,119.38,US
9781608881703,Survival: Training Edition: AF Manual 64-3,United States Air Force,Hardcover,27,0,27,118.14,US
9781608880812,USS SHILOH CG-67: US Navy Guided Missile Cruiser,Nimble Books LLC,Hardcover,10,0,10,114.85,US
9780977742462,Misquotes in MISQUOTING JESUS: Why You Can Still Believe,"Burroughs, Dillon",Paperback,22,0,22,114.79,UK
9781608880348,The Russia-Georgia War,"Boufesis, Alexandros Fox",Hardcover,26,0,26,113.22,UK
9781608880676,Guide to Captured German Documents [World War II Bibliography],"Weinberg, Gerhard L.",Paperback,14,0,14,113.05,UK
9781608880751,Brave Just Like Me Keepsake Edition,"Ruff, Kimberly",Hardcover,18,0,18,110.5,US
9781934840344,Battleship YAMATO: Why She Matters Today,"Zimmerman, W. Frederick",Paperback,19,0,19,110.46,UK
9781934840009,"Cool Maps for Curious Kids #2: Afghanistan, an Unauthorized Tour of the Land of a Thousand Splendid Suns and the Kite Runner","Zimmerman, W. Frederick",Paperback,11,0,11,110.15,US
9781608889051,Analysis of Unmanned Undersea Vehicle (Uuv) Architectures and an Assessment of Uuv Integration Into Undersea Applications,"French, Daniel W.",Hardcover,13,0,13,109.98,US
9781608881734,New Research on the Voynich Manuscript: Proceedings of a Seminar,National Security Agency,Hardcover,18,0,18,109.38,US
9781934840788,The Call of Nepal: My Life In the Himalayan Homeland of Britain's Gurkha Soldiers,"Cross, J P",Paperback,7,0,7,104.27,US
9781934840795,"Exploring BEEDLE THE BARD: Unauthorized, pithy, tale-by-tale perspectives","Davis, Graeme",Paperback,14,0,14,104.03,UK
9781608880294,"Command and Control of the First Modern Joint Campaign: The German Invasion of Denmark and Norway, April 1940","Strahan, Robert W.",Paperback,11,0,11,103.15,UK
9781934840641,"The Definitive Illustrated History of the Torpedo Boat, Volume VI: 1942 (The Ship Killers)","Hinds, Joe",Paperback,9,0,9,102.47,US
9781608880478,Packed and Loaded: Conversations with James M. Cain,"Cain, James M.",Paperback,12,0,12,101.42,UK
9781934840603,"The Definitive Illustrated History of the Torpedo Boat - Volume II, 1280 - 1899 (The Ship Killers)","Hinds, Joe",Paperback,7,0,7,100.8,US
9781608881345,The Mayaguez Incident Omnibus,"Zimmerman, W. Frederick",Hardcover,7,0,7,100.18,US
9781608880058,Professor Barrister's Dinosaur Mysteries #1: The Case Of The Truncated Troodon,"Penner, Stephen",Paperback,23,0,23,99.25,US
9781934840078,"Cool Maps of Iraq: History, Oil Wealth, Politics, Population, Religion, Satellite, and More","Zimmerman, W. Frederick",Paperback,10,0,10,99.11,US
9781934840856,Building the PT Boats: An Illustrated History of U.S. Navy Torpedo Boat Construction in World War II,"Andruss Sr, Frank J.,  J.",Paperback,5,0,5,98.85,IT (Global Connect)
9781608880270,Historical Bibliography of Sea Mine Warfare,"Patterson, Andrew",Paperback,8,0,8,98.61,UK
9781608880515,From Gaza to the Peloponnessian War: Maritime Irregular Warfare,"Sutton, William R.",Paperback,10,0,10,97.76,US
9781608882571,NASA Historical Investigation Into James E. Webb's Relationship To The Lavender Scare,"Odom, Brian C.",Paperback,8,0,8,96.88,US
9781608882434,National Security Strategy,"Biden, Joseph, R.",Paperback,9,0,9,96.64,US
9781608881406,Investigation Of Competition In Digital Markets: Majority Staff Report And Recommendations,United States Congress,Hardcover,15,0,15,96.25,US
9781934840276,The United States Secret Service Failed To Prepare for Insurrection Day: Scanned Documents Released via FOIA,United States Secret Service,Paperback,5,0,5,93.45,US
9781608880317,Freyburg's Failure at Crete: A Close-Run Thing,"Bliss, James",Paperback,10,0,10,92.64,UK
9781608881291,Report on Digital Asset Financial Stability Risks and Regulation 2022,"Financial Stability Oversight Council,",Paperback,9,0,9,91.89,US
9781608880430,Napoleon's Cavalry: A Key Element to Decisive Victory,"Shoffner, Thomas",Paperback,9,0,9,90.65,UK
9781608880607,Ten Propositions Regarding Space Power,"Smith, M. V.",Paperback,7,0,7,89.42,US
9781934840221,"CVN-71 THEODORE ROOSEVELT, U.S. Navy Aircraft Carrier","Zimmerman, W. Frederick",Paperback,12,0,12,88.82,UK
9781608880553,Alien: How Operational Art Devoured Strategy,"Kelly, Justin",Paperback,10,0,10,88,UK
9781934840641,"The Definitive Illustrated History of the Torpedo Boat, Volume VI: 1942 (The Ship Killers)","Hinds, Joe",Paperback,8,0,8,87.86,UK
9781608880713,Light Infantry: A Historical Perspective,"McMichael, Scott R.",Paperback,11,0,11,87.69,US
9781608880966,"Glossaries of Nautical Terms: English to Chinese (Simplified), Creole, French, Italian, Japanese, Korean, Polish, Portugese, Russian, Spanish","Auxiliary Interpreter Corps,",Hardcover,2,0,2,87.58,US
9780979920516,Global Perspectives on Space Power,"Szymanski, Paul,",Hardcover,3,0,3,87.38,DE (Global Connect)
9781608881437,United States - Vietnam Relations 1945 - 1967 (The Pentagon Papers) (Volume 1),"Office of the Secretary of Defense,",Hardcover,5,0,5,86.81,UK
9781608882403,"Jane's Fighting Ships 1904. (Naval Encyclopedia and Year Book): Facsimile Edition. Volume 1 of 2.  England, France, Germany, Russia.","Jane, Fred, T.",Hardcover,3,0,3,86.72,US
9781934840436,Vocabolario Marino E Militare: Maritime and Military Vocabulary [Italian],"Guglielmotti, Alberto",Paperback,2,0,2,86.3,DE (Global Connect)
9781934840306,"SSN-23 JIMMY CARTER, U.S. Navy Submarine (Seawolf class)","Zimmerman, W. Frederick",Paperback,13,0,13,85.33,UK
9781934840658,"The Definitive Illustrated History of the Torpedo Boat, Volume VII: 1943 (the Ship Killers)","Hinds, Joe",Paperback,10,0,10,83.84,UK
9781934840900,Born American: A Chinese Woman's Dream of Liberty,"Gong,  Sasha",Paperback,8,0,8,83.75,UK
9781934840818,Persuader-in-Chief: Global Opinion and Public Diplomacy in the Age of Obama,"Snow, Nancy",Paperback,9,0,9,83.26,UK
9781608881536,United States - Vietnam Relations 1945 - 1967 (the Pentagon Papers) (Volume 8),Office of the Secretary of Defense,Hardcover,4,0,4,81.11,UK
9781608880225,"Operation Sea Lion: A Joint Critical Analysis, Or, How Hitler Could Have Won, If He Were More Joint","McCanne, Lt Col Randy",Paperback,8,0,8,80.9,UK
9780979920578,Lloyd's Register of British and Foreign Shipping [1890]: Universal Register [Volume 1 of 2],Committee Of Register,Hardcover,2,0,2,80.48,DE (Global Connect)
9780979920578,Lloyd's Register of British and Foreign Shipping [1890]: Universal Register [Volume 1 of 2],Committee Of Register,Hardcover,2,0,2,80.48,US
9781934840962,"The World's Warships 1915: Compiled from Jane's ""Fighting Ships""","Jane, Fred, T.",Hardcover,2,0,2,80.04,UK
9781608881369,"The National Institutes of Health and EcoHealth Alliance Did Not Effectively Monitor Awards and Subawards, Resulting in Missed Opportunities to Oversee Research and Other Deficiencies, A-05-21-00025","HHS, Office of Inspector General (OIG...",Paperback,8,0,8,79.84,DE (Global Connect)
9781934840986,Blood on Our Hands: The American Invasion and Destruction of Iraq,"Davies, Nicolas J. S.",Paperback,9,0,9,78.49,IT (Global Connect)
9781608881925,US Department Of The Space Force: A Necessary Evolution,"Cinnamon, John, D.",Hardcover,12,0,12,78.34,US
9781934840269,"CVN-75 HARRY S. TRUMAN, U.S. Navy Aircraft Carrier","Zimmerman, W. Frederick",Paperback,13,0,13,78.08,UK
9780978813871,The JESUS FAMILY TOMB Controversy: How the Evidence Falls Short,"Burroughs, Dillon,",Paperback,6,0,6,77.58,US
9781608881352,Bombs from On High,"Massie, Kevin B.",Paperback,8,0,8,77.24,US
9781934840030,X-47 Unmanned Combat Air Vehicle (UCAV),"Zimmerman, W. Frederick",Paperback,11,0,11,77.18,UK
9781608881154,Re-reading A GAME OF THRONES: A Critical Response to George R.R. Martin's Fantasy Classic,"Verhoeve, Remy J.",Hardcover,12,0,12,75.62,UK
9780978813888,A Fandom of Magical Proportions: An Unauthorized History of The Harry Potter Phenomenon,"Pyne, Erin, A.",Paperback,8,0,8,75.48,UK
9781608880355,2030,"Escobar, Pepe",Paperback,16,0,16,75.2,DE (Global Connect)
9781608881529,United States - Vietnam Relations 1945 - 1967 (The Pentagon Papers) (Volume 7),"Office of the Secretary of Defense,",Hardcover,4,0,4,75.15,UK
9781934840511,"We Tried to Warn You: Innovations in Leadership for the Learning Organization; User Experience, Product Management, Strategy, and the Logic","Jones, Peter H.",Paperback,15,0,15,73.4,UK
9781608880331,"Why the Allies Lost the Battle of Crete: How Allied Indecision, Bureaucracy, and Pretentiousness Lost the Battle","Smith, Kelsey Aaron",Paperback,7,0,7,73.04,UK
9781608880379,"Self-Inflicted Wound Allied Defeat in Crete, May 1941","Kostic, Samuel J.",Paperback,15,0,15,72.66,UK
9781934840252,"CVN-74 JOHN C. STENNIS, U.S. Navy Aircraft Carrier","Zimmerman, W. Frederick",Paperback,11,0,11,71.48,UK
9780978813802,"Should Barack Obama Be President? Dreams from My Father, Audacity of Hope, ... Obama in '08?","Zimmerman, W. Frederick",Paperback,5,0,5,70.7,US
9780979920509,Our Splendid Sun: Cool Science Images for Curious Kids #1,"Zimmerman, W. Frederick",Paperback,7,0,7,70.11,US
9781608889020,An Administrative History of Pts in World War II,Office of Naval History,Hardcover,7,0,7,69.69,US
9781608889037,Motor Torpedo Boat Manual,U. S. Navy,Hardcover,18,-1,17,68.46,US
9781934840610,"The Definitive Illustrated History of the Torpedo Boat -- Volume III, 1900 - 1939 (The Ship Killers)","Hinds, Joe",Paperback,6,0,6,68.04,UK
9781608880256,Submarine Warfare in the 20th and 21st Centuries - A Bibliography,"Huygen, Michelle Lee",Paperback,7,0,7,67.5,US
9780975447932,Unauthorized Half-Blood Prince Update: News and Speculation about Harry Potter Book Six by J. K. Rowling,"Zimmerman, W. Frederick",Paperback,7,0,7,67.47,US
9781608881857,The President's Daily Brief Fifty Years Ago: January 1971,Central Intelligence Agency,Hardcover,9,0,9,67.34,US
9781608880782,Blood on Our Hands: The American Invasion and Destruction of Iraq,"Davies, Nicolas J S",Hardcover,9,0,9,67.03,US
9781934840955,Imperial Japanese Navy 1932-1945 Warships and Colours: With Japanese Army Vessels and Three Special Bonus Pages,"Wright, Malcolm",Paperback,5,0,5,66.37,UK
9781934840511,"We Tried to Warn You: Innovations in Leadership for the Learning Organization; User Experience, Product Management, Strategy, and the Logic","Jones, Peter H.",Paperback,8,0,8,66.2,US
9781934840801,Threats in the Age of Obama,"Tanji, Michael",Paperback,6,0,6,66.09,US
9781608880775,Dark Navy: The Italian Regia Marina and the Armistice of 8 September 1943,"O'Hara, Vincent",Hardcover,7,0,7,66.09,UK
9781608880072,"Fifty Years of Flight Research: An Annotated Bibliography of Technical Publications of NASA Dryden Flight Research Center, 1946-1996","Fisher, David F.",Hardcover,3,0,3,65.63,US
9781608888986,Annotated Bibliography of the Space Shuttle (Two Volumes),NASA,Hardcover,3,0,3,65.55,US
9781934840634,"The Definitive Illustrated History of the Torpedo Boat, Volume V: 1941 (The Ship Killers)","Hinds, Joe",Paperback,7,0,7,65.16,US
9781608881444,United States - Vietnam Relations 1945 - 1967 (The Pentagon Papers) (Volume 2),"Office of the Secretary of Defense,",Hardcover,3,0,3,64.68,UK
9781608881833,Night Attack by a Soviet Battalion,"Gebhardt, James F.",Paperback,6,0,6,64.14,DE (Global Connect)
9781608880096,Cold War Saga,"Jenkins, Kempton",Paperback,7,0,7,63.91,UK
9781608880782,Blood on Our Hands: The American Invasion and Destruction of Iraq,"Davies, Nicolas J S",Hardcover,8,0,8,63.75,UK
9781608880768,In the Shadow of the Battleship: Considering the Cruisers of World War II,"Worth, Richard",Hardcover,7,0,7,63.46,US
9781608881789,History of Gun-Type Artillery-Fired Atomic Projectiles,Sandia National Laboratories,Hardcover,11,0,11,62.54,US
9781608881765,Manhattan District History: Book I - General; Volume I - General,Manhattan District,Hardcover,11,0,11,61.79,US
9781934840207,CVN-69 DWIGHT D. EISENHOWER: U.S. Navy Aircraft Carrier,"Zimmerman, W. Frederick",Paperback,9,0,9,61.71,UK
9781608880188,Professor Barrister's Dinosaur Mysteries #2: The Case of the Armored Allosaurus,"Penner, Stephen",Paperback,8,0,8,61.6,US
9781934840788,The Call of Nepal: My Life In the Himalayan Homeland of Britain's Gurkha Soldiers,"Cross, J P",Paperback,4,0,4,61.12,UK
9781608880584,The Essential Saker: from the trenches of the emerging multipolar world,"The Saker,",Hardcover,8,0,8,60.94,DE (Global Connect)
9781608880232,"Sea-Based Airpower - The Decisive Factor in Expeditionary Operations? (Norway, 1940; Falkland Islands, 1982)","Buhl, Willard A.",Paperback,6,0,6,60.45,US
9781934840283,"Ddg-81 Winston S. Churchill, U.S. Navy Destroyer","Zimmerman, W. Frederick",Paperback,6,0,6,60.26,US
9781608880126,Tora Bora Revisited: How We Failed to Get Bin Laden and Why It Matters Today (Decisive Battles of the 21st Century),"United States Senate, States Senate",Paperback,8,0,8,60.1,UK
9781608880799,Principles of War,"Radakovich, Daniel I",Hardcover,5,0,5,60.07,UK
9781608880799,Principles of War,"Radakovich, Daniel I",Hardcover,5,0,5,60.03,US
9781934840245,"CVN-73 GEORGE WASHINGTON, U.S. Navy Aircraft Carrier","Zimmerman, W. Frederick",Paperback,8,0,8,60.01,UK
9781608882441,'It Was Compromised': The Trump Administration's Unprecedented Campaign to Control CDC and Politicize Public Health During the Coronavirus Crisis,Select Subcommittee on the Coronavirus,Paperback,6,0,6,59.64,US
9781934840795,"Exploring BEEDLE THE BARD: Unauthorized, pithy, tale-by-tale perspectives","Davis, Graeme",Paperback,6,0,6,59.62,US
9781934840313,Cool Maps of France: Paris and Beyond,"Zimmerman, W. Frederick",Paperback,6,0,6,59.56,US
9781608880249,Oops! Boom!  An Analysis of Fratricide in US Naval Surface and Submarine Forces in World War II,"Hagendorf-Orloff, Lars P.",Paperback,6,0,6,59.51,US
9781608882588,"Report Of Investigation: Security Failures At The United States Capitol On January 6, 2021","Banks et al., Congressman Jim",Paperback,6,0,6,58.98,US
9781608880645,Professor Barrister's Dinosaur Mysteries #3: The Case of the Enormous Eoraptor,"Penner, Stephen",Paperback,8,0,8,57.98,US
9781608881611,Ten Propositions Regarding Air Power,"Meininger, Philip S.",Paperback,6,0,6,57.91,US
9781608882342,Jane's Fighting Ships 1920 (facsimile edition),"Jane, Fred, T.",Hardcover,1,0,1,57.88,DE (Global Connect)
9781934840283,"Ddg-81 Winston S. Churchill, U.S. Navy Destroyer","Zimmerman, W. Frederick",Paperback,8,0,8,57.61,UK
9781608881963,Chief of Space Operations' Planning Guidance: 1st Chief of Space Operations,United States Space Force,Hardcover,21,0,21,56.79,UK
9781608881215,Brave Just Like Me,"Ruff, Kimberly",Hardcover,8,0,8,56.74,US
9781608881567,"History of On-Orbit Satellite Fragmentations, 16th Edition",NASA,Hardcover,2,0,2,56.52,DE (Global Connect)
9781608880232,"Sea-Based Airpower - The Decisive Factor in Expeditionary Operations? (Norway, 1940; Falkland Islands, 1982)","Buhl, Willard A.",Paperback,6,0,6,56.44,UK
9781608881505,Capitol Attack,General Accounting Office,Paperback,6,0,6,56.34,DE (Global Connect)
9781608881697,2030,"Escobar, Pepe",Hardcover,5,0,5,55.5,UK
9781608881949,Pillars of Russia's Disinformation and Propaganda Ecosystem: Annotated in the AI Lab at NimbleBooks.com,U.S. Department of State,Paperback,5,0,5,54.7,US
9781608881383,Re-Reading Harry Potter and the Deathly Hallows,"Davis, Graeme",Hardcover,11,0,11,53.63,US
9781608881109,Secrets of the Modern World: Thomas Malthus,"MacFarlane, Alan, Professor",Paperback,4,0,4,53.05,UK
9781608881307,Reports on the Collisions of USS McCain and USS Fitzgerald,Chief of Naval Operations,Hardcover,9,0,9,52.81,US
9781934840948,Secrets of the Modern World: F. W. Maitland,"MacFarlane, Alan, Professor",Paperback,9,0,9,52.47,UK
9781608881338,GOP Witnesses: What Their Disclosures Indicate About The State Of The Republican Investigations,Committee on the Judiciary (minority),Paperback,6,0,6,52.2,DE (Global Connect)
9781608882410,a Blue Arctic,"Department of the Navy,",Paperback,5,0,5,51.9,DE (Global Connect)
9781934840597,"The Definitive Illustrated History of the Torpedo Boat - Volume I, Overview (The Ship Killers)","Hinds, Joe",Paperback,4,0,4,51.69,US
9781608881116,Professor Barrister's Dinosaur Mysteries #4: The Case of the Colorful Caudipteryx,"Penner, Stephen",Paperback,7,0,7,50.87,US
9781608881598,United States - Vietnam Relations 1945 - 1967 (The Pentagon Papers) (Volume 10),"Office of the Secretary of Defense,",Hardcover,3,0,3,50.71,UK
9781608881543,Doubling The Fleet: An Analysis of the Causal Factors Behind the U.S. Navy's Warship Building Program from 1933-1941,"Barrett, John M.",Paperback,4,0,4,50.34,UK
9781608881710,Record of Proceedings of SCORPION Inquiry: And Miscellaneous Other Documents,U.S. Navy,Hardcover,8,0,8,50.13,US
9781934840689,"The Definitive Illustrated History of the Torpedo Boat, Volume X: Bonus Material and Appendixes","Hinds, Joe",Paperback,5,0,5,50.04,US
9781608880843,The Collected Papers of Frederic William Maitland,"Maitland, Frederic William",Hardcover,5,0,5,50,US
9781934840504,"A Marine of the Imperial Guard: Eyewitness to the French Failure in Spain, 1808","Baste, Pierre",Paperback,5,0,5,49.77,US
9781608881123,Secrets of the Modern World: Yukichi Fukuzawa,"MacFarlane, Alan, Professor",Paperback,4,0,4,49.3,UK
9781934840238,"CVN-72 ABRAHAM LINCOLN, U.S. Navy Aircraft Carrier","Zimmerman, W. Frederick",Paperback,7,0,7,49.25,UK
9781608880423,"Uncharted Waters: Expeditionary Operations and the Naval Component of Union Military Strategy in the Us Civil War, 1861-1862","Canfield, Major Daniel T.",Paperback,4,0,4,48,US
9781934840740,"Confidential Human Source Policy Guide [Annotated]: 1018 PG; May 21, 2019",Federal Bureau of Investigation,Hardcover,4,0,4,46.28,DE (Global Connect)
9781608880744,Globalistan: An Antidote to the World Is Flat,"Escobar, Pepe",Hardcover,5,0,5,46.19,UK
9781608880393,World War II Vertical Envelopment: The German Influence on U.S. Army Airborne Operations,"Sheehan, Thomas J.",Paperback,5,0,5,45.33,UK
9781608880980,Finding Meaning in Narnia: A Voyage on the Dawn Treader,"Burkart, Gina",Paperback,5,0,5,45.11,US
9781608880683,"War in Afghanistan: Strategy, Military Operations, and Issues for Congress","Dale, Catherine",Paperback,5,0,5,44.73,US
9781608880539,Strategic Airpower Elements in Interwar German Air Force Doctrine,"Muscha, William R.",Paperback,5,0,5,44.68,US
9781934840375,"War Bots: How U.S. Military Robots Are Transforming War in Iraq, Afghanistan, and the Future","Axe, David",Paperback,7,0,7,44.25,UK
9781608881734,New Research on the Voynich Manuscript: Proceedings of a Seminar,National Security Agency,Hardcover,4,0,4,44.21,UK
9781934840825,"Age of Obama: A Reporter's Journey with Clinton, McCain and Obama in The Making of the President, 2008","Curtis, Mark",Paperback,4,0,4,44.04,US
9781608880515,From Gaza to the Peloponnessian War: Maritime Irregular Warfare,"Sutton, William R.",Paperback,6,0,6,43.2,UK
9781608882434,National Security Strategy,"Biden, Joseph, R.",Paperback,4,0,4,43.04,DE (Global Connect)
9781608880133,"U.S. Patrol Torpedo Boats in World War II, 1939-1945","Connelly, T. Garth",Paperback,3,0,3,41.91,IT (Global Connect)
9780975447994,"""The Solomon Key"" and Beyond: DIGITAL FORTRESS, ANGELS & DEMONS, DECEPTION POINT, THE DA VINCI CODE, and more","Zimmerman, W. Frederick",Paperback,8,0,8,41.88,US
9781608881376,The Art of War of Bernadotte,"Bernadotte, Jean-Baptiste",Paperback,7,0,7,41.84,UK
9781608880997,MTBSTC: Motor Torpedo Boat Squadrons Center,"Jones, Charles B.",Hardcover,4,0,4,40.83,UK
9780979920578,Lloyd's Register of British and Foreign Shipping [1890]: Universal Register [Volume 1 of 2],Committee Of Register,Hardcover,1,0,1,40.57,UK
9781608880027,The Simple Sabotage Manual: Timeless Managerial Wisdom from the Intelligence Community,"Office of Strategic Services, Of Strateg",Paperback,4,0,4,40.48,UK
9781934840573,Re-Read HARRY POTTER AND THE SORCERER'S STONE Today! An Unauthorized Guide,"Davis, Graeme",Paperback,4,0,4,40.17,US
9781608881093,"The Definitive Illustrated History of the Torpedo Boat, Volume XI: Indexes (The Ship Killers)","Hinds, Joe",Paperback,5,0,5,40.17,UK
9781608881413,Lessons and Conclusions From the History of Navy and Military Doctrinal Development,"Tritten, Dr. James J.",Paperback,4,0,4,39.36,DE (Global Connect)
9781608882403,"Jane's Fighting Ships 1904. (Naval Encyclopedia and Year Book): Facsimile Edition. Volume 1 of 2.  England, France, Germany, Russia.","Jane, Fred, T.",Hardcover,1,0,1,39.23,UK
9781608882175,Space Doctrine Publication Omnibus: Doctrine for Space Forces,United States Space Force,Hardcover,2,0,2,38.94,US
9781934840672,"The Definitive Illustrated History of the Torpedo Boat, Volume IX: 1945 (the Ship Killers)","Hinds, Joe",Paperback,5,0,5,38.89,UK
9781608881451,United States - Vietnam Relations 1945 - 1967 (The Pentagon Papers) (Volume 3),"Office of the Secretary of Defense,",Hardcover,2,0,2,38.61,UK
9781608880157,German Underwater Ordnance Mines (Kriegsmarine Technical Studies),"Bureau of Ordnance, U.S. Navy",Paperback,4,0,4,38.31,UK
9780979920585,Lloyd's Register of British and Foreign Shipping [1890]: Universal Register [Volume 2 of 2],Committee Of Register,Hardcover,1,0,1,38.3,DE (Global Connect)
9781608881307,Reports on the Collisions of USS McCain and USS Fitzgerald,Chief of Naval Operations,Hardcover,5,0,5,37.94,UK
9781608880744,Globalistan: An Antidote to the World Is Flat,"Escobar, Pepe",Hardcover,3,0,3,37.92,US
9781608881482,Dictionary of Automatic Ideas: A New Translation Bringing Flaubert into the 21st Century,"Flaubert, Gustave",Hardcover,3,0,3,37.57,US
9781934840214,"CVN-70 CARL VINSON, U.S. Navy Aircraft Carrier","Zimmerman, W. Frederick",Paperback,2,0,2,37.49,UK
9781608882373,The Granddaughter Project,"Chishti, Shaheen",Hardcover,3,0,3,36.93,US
9781608880201,Operation Weseruebung: The Dawn of Decisive Airpower in Joint Military Operations,"Baxley, Brian",Paperback,3,0,3,36.86,US
9781608881871,Manhattan District History: General Index,Manhattan District,Hardcover,6,0,6,36.42,US
9781608880331,"Why the Allies Lost the Battle of Crete: How Allied Indecision, Bureaucracy, and Pretentiousness Lost the Battle","Smith, Kelsey Aaron",Paperback,3,0,3,36.39,US
9781608880744,Globalistan: An Antidote to the World Is Flat,"Escobar, Pepe",Hardcover,3,0,3,36.24,DE (Global Connect)
9781608881840,"History of the Mk 25 Warhead: Code Name DING DONG, Atomic Warheads for Air Defense",Sandia National Laboratories,Hardcover,9,0,9,36.22,US
9781934840009,"Cool Maps for Curious Kids #2: Afghanistan, an Unauthorized Tour of the Land of a Thousand Splendid Suns and the Kite Runner","Zimmerman, W. Frederick",Paperback,5,0,5,35.94,UK
9781608880942,Russian Active Measures Campaigns and Interference: Volume 5: Counterintelligence Threats and Vulnerabilities,"Select Committee on Intelligence,",Hardcover,3,0,3,35.76,US
9781608881383,Re-Reading Harry Potter and the Deathly Hallows,"Davis, Graeme",Hardcover,10,0,10,35.73,UK
9780978813871,The JESUS FAMILY TOMB Controversy: How the Evidence Falls Short,"Burroughs, Dillon,",Paperback,4,0,4,35.63,UK
9781934840627,"The Definitive Illustrated History of the Torpedo Boat -- Volume IV, 1939-1940 (The Ship Killers)","Hinds, Joe",Paperback,4,0,4,35.49,UK
9781608881642,Empire of Chaos,"Escobar, Pepe",Hardcover,4,0,4,35.26,IN (Global Connect)
9781934840177,The Handbook of Fifth-Generation Warfare (5GW),"Abbott, Daniel H.",Hardcover,5,0,5,34.75,DE (Global Connect)
9781608881758,GRU Cybervillains : The DOJ Indictment Against Six Russian Hackers,Department of Justice,Hardcover,5,0,5,34.72,US
9781608881666,"Amalgamated International and U.S. Inland Navigation Rules: Amalgamation of the International Regulations for Preventing Collisions at Sea and the U.S. Inland Navigation Rules, their Annexes, and associated Federal regulations",United States Coast Guard,Hardcover,6,0,6,34.69,UK
9781608880256,Submarine Warfare in the 20th and 21st Centuries - A Bibliography,"Huygen, Michelle Lee",Paperback,5,0,5,34.24,UK
9780979920523,Stellar Atmospheres: A Contribution To The Observational Study Of High Temperature In The Reversing Layers Of Stars,"Payne, Cecilia, H.",Hardcover,4,0,4,33.72,DE (Global Connect)
9781608882359,History of the Indian tribes of North America [Single-Volume Facsimile Edition]: with Biographical Sketches and Anecdotes of the Principal Chiefs,"McKenney, Thomas, L.",Hardcover,1,0,1,33.51,DE (Global Connect)
9781934840498,THE SHACK: Unauthorized Theological Critique,"Challies, Tim",Paperback,6,0,6,32.64,US
9781608881727,Steele Dossier Corroboration Spreadsheet,Federal Bureau of Investigation,Hardcover,5,0,5,32.14,US
9781608881475,Commandant's Planning Guidance: 38th Commandant of the Marine Corps,"Berger, General David H.",Hardcover,7,0,7,32.08,US
9781934840320,Cool Maps of France's Overseas Territories and Departments,"Zimmerman, W. Frederick",Paperback,6,0,6,31.9,UK
9781608880287,The Influence of Maritime Theorists Alfred Thayer Mahan and Sir Julian Corbett on the Development of German Naval Strategy 1930-1936,"Cribbs, Donald",Paperback,3,0,3,31.56,IN (Global Connect)
9781934840634,"The Definitive Illustrated History of the Torpedo Boat, Volume V: 1941 (The Ship Killers)","Hinds, Joe",Paperback,4,0,4,31.5,UK
9780979920509,Our Splendid Sun: Cool Science Images for Curious Kids #1,"Zimmerman, W. Frederick",Paperback,4,0,4,31.26,UK
9781934840863,Strategic Satellite Systems in a Post-Cold-War Environment,Committee on Government Operations,Paperback,3,0,3,31.23,US
9781934840016,The Nine Current Supreme Court Justices: Colorful Info for Curious Minds #3,"Zimmerman, W. Frederick",Paperback,3,0,3,30.03,US
9781608881512,United States - Vietnam Relations 1945 - 1967 (The Pentagon Papers) (Volume 6),"Office of the Secretary of Defense,",Hardcover,2,0,2,30.02,UK
9780979920547,Illicit Finance Risk Assessment of Decentralized Finance,Department of Treasury,Hardcover,4,0,4,29.96,DE (Global Connect)
9781934840726,Re-read HARRY POTTER AND THE CHAMBER OF SECRETS Today! An Unauthorized Guide,"Davis, Graeme",Paperback,4,0,4,29.94,UK
9781934840573,Re-Read HARRY POTTER AND THE SORCERER'S STONE Today! An Unauthorized Guide,"Davis, Graeme",Paperback,5,0,5,29.9,UK
9781608881123,Secrets of the Modern World: Yukichi Fukuzawa,"MacFarlane, Alan, Professor",Paperback,2,0,2,29.86,IN (Global Connect)
9781608882410,a Blue Arctic,"Department of the Navy,",Paperback,3,0,3,29.86,US
9781608882601,Great Power Competition: Implications for Defense [Annotated]: Issues for Congress,Congressional Research Service,Paperback,4,0,4,29.8,US
9781608880454,Pictorial Record: The War Against Japan (United States Army in World War II),"US Army, Center of Military History",Paperback,1,0,1,29.7,US
9781608880423,"Uncharted Waters: Expeditionary Operations and the Naval Component of Union Military Strategy in the Us Civil War, 1861-1862","Canfield, Major Daniel T.",Paperback,3,0,3,29.69,UK
9781608881260,"The Navy's Nuclear Power Plant in Antarctica: Final Operating Report for the PM-3A Nuclear Power Plant, McMurdo Station, Antarctica",U.S. Navy Nuclear Power Unit,Hardcover,4,0,4,29.63,UK
9780978813864,"Bearing the Unbearable: Coping with Infertility and Other Profound Suffering, or What to Do When Taking Charge of Your Fertility Fails","Schulz, Karl A.",Paperback,3,0,3,29.62,US
9780976540601,Unauthorized Harry Potter and the Deathly Hallows News: Half-Blood Prince Analysis,"Zimmerman, W. Frederick",Paperback,3,0,3,29.49,US
9781934840993,Fallen Walls and Fallen Towers,"Redd, Adrienne",Hardcover,3,0,3,29.32,UK
9781934840498,THE SHACK: Unauthorized Theological Critique,"Challies, Tim",Paperback,11,0,11,29.13,UK
9781608880812,USS SHILOH CG-67: US Navy Guided Missile Cruiser,Nimble Books LLC,Hardcover,2,0,2,28.99,UK
9781608881390,Current Tactical Orders and Doctrine,"United States Fleet,",Hardcover,4,0,4,28.74,US
9781608881932,Movement And Maneuver In Deep Space: A Framework to Leverage Advanced Propulsion,"Hans, Brian, E.",Hardcover,5,0,5,28.54,US
9781608880898,The Littoral Combat Ship Omnibus: A Torpedo Boat Destroyer for the 21st Century,"Zimmerman, W. Frederick",Hardcover,3,0,3,28.27,UK
9781934840726,Re-read HARRY POTTER AND THE CHAMBER OF SECRETS Today! An Unauthorized Guide,"Davis, Graeme",Paperback,3,0,3,28.14,US
9781608881048,Record of Proceedings of THRESHER Inquiry,U. S. Navy,Paperback,3,0,3,28.14,US
9781608880898,The Littoral Combat Ship Omnibus: A Torpedo Boat Destroyer for the 21st Century,"Zimmerman, W. Frederick",Hardcover,2,0,2,28.05,US
9781608881420,United States - Vietnam Relations 1945 - 1967 (The Pentagon Papers) (Volume 5),"Office of the Secretary of Defense,",Hardcover,2,0,2,27.98,UK
9781934840467,"The John Boyd Roundtable: Debating Science, Strategy, and War","Safranski, Mark",Paperback,2,0,2,27.52,IN (Global Connect)
9781934840542,Skeeter Sneeter Doodlebop,"Smith, C. Michelle",Paperback,3,0,3,27.16,US
9781934840948,Secrets of the Modern World: F. W. Maitland,"MacFarlane, Alan, Professor",Paperback,4,0,4,26.75,US
9781608881697,2030,"Escobar, Pepe",Hardcover,3,0,3,26.62,DE (Global Connect)
9781608881741,Technical Articles about the Voynich Manuscript,National Security Agency,Hardcover,3,0,3,26.06,UK
9780978813840,Daniel Defoe's Robinson Crusoe and Alexander Selkirk,"Bruce, Stevey",Paperback,2,0,2,25.34,US
9781608880607,Ten Propositions Regarding Space Power,"Smith, M. V.",Paperback,2,0,2,25.34,IN (Global Connect)
9781934840832,Obama Does Globalistan,"Escobar, Pepe",Paperback,2,0,2,25.18,IN (Global Connect)
9781608880379,"Self-Inflicted Wound Allied Defeat in Crete, May 1941","Kostic, Samuel J.",Paperback,4,0,4,24.36,US
9781608880539,Strategic Airpower Elements in Interwar German Air Force Doctrine,"Muscha, William R.",Paperback,3,0,3,24.35,UK
9781608889051,Analysis of Unmanned Undersea Vehicle (Uuv) Architectures and an Assessment of Uuv Integration Into Undersea Applications,"French, Daniel W.",Hardcover,3,0,3,24.34,UK
9781608880140,The Young Conservative's Field Guide,"Stransky, Brent",Paperback,3,0,3,24.33,UK
9781608882571,NASA Historical Investigation Into James E. Webb's Relationship To The Lavender Scare,"Odom, Brian C.",Paperback,2,0,2,24.22,DE (Global Connect)
9781608881796,"History Of Gun-Type Bombs And Warheads: Mks 8, 10 and 11",Sandia National Laboratories,Hardcover,4,0,4,23.98,US
9781608882427,State of The Space Industrial Base 2021: Infrastructure & Services for Economic Growth & National Security,"OIson, J.",Paperback,3,0,3,23.85,US
9781608881611,Ten Propositions Regarding Air Power,"Meininger, Philip S.",Paperback,3,0,3,23.81,UK
9781608880393,World War II Vertical Envelopment: The German Influence on U.S. Army Airborne Operations,"Sheehan, Thomas J.",Paperback,2,0,2,23.74,IN (Global Connect)
9781934840054,"Liveblogging BLACKWATER by Jeremy Scahill: Unauthorized Color Commentary, Maps, and Images","Zimmerman, W. Frederick",Paperback,2,0,2,23.62,US
9781934840603,"The Definitive Illustrated History of the Torpedo Boat - Volume II, 1280 - 1899 (The Ship Killers)","Hinds, Joe",Paperback,2,0,2,23.4,UK
9781608880218,So Much for Democracy: Citizens United v. Federal Election Commission,"UNited States Supreme Court,",Paperback,3,0,3,22.89,UK
9781608880607,Ten Propositions Regarding Space Power,"Smith, M. V.",Paperback,2,0,2,22.75,UK
9781934840665,"The Definitive Illustrated History of the Torpedo Boat, Volume VIII: 1944 (the Ship Killers)","Hinds, Joe",Paperback,2,0,2,22.64,IT (Global Connect)
9781608882618,State of The Space Industrial Base 2019: A Time for Action to Sustain US Economic & Military Leadership in Space,"Cooley, T.",Paperback,4,0,4,22.56,US
9781608881826,The Mueller Memos: Interview Notes Released Under FOIA,TBD,Hardcover,3,0,3,22.47,US
9781608881895,Ten Propositions Regarding Space Power,"Smith, M. V.,",Hardcover,4,0,4,22.32,US
9781608880485,Age of Ice and Steel,"Boufesis, Alexandros",Hardcover,5,0,5,22.18,US
9781934840597,"The Definitive Illustrated History of the Torpedo Boat - Volume I, Overview (The Ship Killers)","Hinds, Joe",Paperback,2,0,2,22.1,UK
9781608882175,Space Doctrine Publication Omnibus: Doctrine for Space Forces,United States Space Force,Hardcover,1,0,1,21.57,UK
9781608889037,Motor Torpedo Boat Manual,U. S. Navy,Hardcover,5,0,5,21.23,UK
9781608889044,Designing a Laser for the Littoral Combat Ship,"Ching, Na Ang",Hardcover,4,0,4,21.02,US
9781608880973,"The ""Family Jewels"": Declassified Documents Released by the CIA under the Freedom of Information Act, June 2007","Central Intelligence Agency,",Hardcover,2,0,2,20.87,UK
9781608880126,Tora Bora Revisited: How We Failed to Get Bin Laden and Why It Matters Today (Decisive Battles of the 21st Century),"United States Senate, States Senate",Paperback,2,0,2,20.66,US
9781934840993,Fallen Walls and Fallen Towers,"Redd, Adrienne",Hardcover,2,0,2,20.6,US
9781934840153,"Cool Maps of Cuba: An Atlas of History, Population, Resources Before and After Fidel Castro","Zimmerman, W. Frederick",Paperback,3,0,3,20.56,UK
9781608880201,Operation Weseruebung: The Dawn of Decisive Airpower in Joint Military Operations,"Baxley, Brian",Paperback,2,0,2,20.42,UK
9781608882182,Crewed Moon Landing Faces Multiple Challenges,"General Accountability Office,",Paperback,2,0,2,20.4,US
9781608881093,"The Definitive Illustrated History of the Torpedo Boat, Volume XI: Indexes (The Ship Killers)","Hinds, Joe",Paperback,2,0,2,20.37,US
9781934840825,"Age of Obama: A Reporter's Journey with Clinton, McCain and Obama in The Making of the President, 2008","Curtis, Mark",Paperback,2,0,2,20.08,UK
9781934840672,"The Definitive Illustrated History of the Torpedo Boat, Volume IX: 1945 (the Ship Killers)","Hinds, Joe",Paperback,2,0,2,20.07,US
9781934840146,"Cool Maps of Indonesia: An Unauthorized View of the Land of EAT, PRAY, LOVE","Zimmerman, W. Frederick",Paperback,2,0,2,20.06,US
9781934840092,Borodino: Why It Matters Today,"Zimmerman, W. Frederick",Paperback,2,0,2,20.02,US
9781608881581,United States - Vietnam Relations 1945 - 1967 (The Pentagon Papers) (Volume 9),"Office of the Secretary of Defense,",Hardcover,1,0,1,19.95,UK
9781934840870,The Impact of the USS Forrestal's 1967 Fire on United States Navy Shipboard Damage Control,"Stewart, Henry P.",Paperback,2,0,2,19.94,US
9781608882441,'It Was Compromised': The Trump Administration's Unprecedented Campaign to Control CDC and Politicize Public Health During the Coronavirus Crisis,Select Subcommittee on the Coronavirus,Paperback,2,0,2,19.88,DE (Global Connect)
9781934840115,Cool Maps of Baghdad: the Emerald City and other cities of Iraq,"Zimmerman, W. Frederick",Paperback,2,0,2,19.69,US
9781608880119,THE LOST SYMBOL -- Found: Unauthorized Analysis of Dan Brown's Novel,"Davis, Graeme",Paperback,2,0,2,19.68,US
9781608880249,Oops! Boom!  An Analysis of Fratricide in US Naval Surface and Submarine Forces in World War II,"Hagendorf-Orloff, Lars P.",Paperback,2,0,2,19.59,UK
9781934840849,"Investigation and Review of the Federal Bureau of Prisons' Custody, Care, and Supervision of Jeffrey Epstein at the Metropolitan Correctional Center in New York, New York",Department of Justice,Paperback,2,0,2,19.54,DE (Global Connect)
9781934840849,"Investigation and Review of the Federal Bureau of Prisons' Custody, Care, and Supervision of Jeffrey Epstein at the Metropolitan Correctional Center in New York, New York",Department of Justice,Paperback,2,0,2,19.54,US
9781608882656,Spies in Space: Reflections On National Reconnaissance And The Manned Orbiting Laboratory,"Homer, Courtney J. V.",Paperback,2,0,2,19.26,US
9781934840771,Suicide Bombers in CONUS,"Kapusta, Philip E",Paperback,2,0,2,19.16,US
9781608881970,Fast Space: Leveraging Ultra Low-Cost Space Access for 21st Century Challenges,"Air University,",Paperback,2,0,2,18.96,US
9781608880270,Historical Bibliography of Sea Mine Warfare,"Patterson, Andrew",Paperback,2,0,2,18.86,IT (Global Connect)
9780978813895,Red Zone Blues: a snapshot of Baghdad during the surge,"Escobar, Pepe",Paperback,2,0,2,18.82,IN (Global Connect)
9781608881505,Capitol Attack,General Accounting Office,Paperback,2,0,2,18.78,US
9781608880881,Spacepower: Doctrine for Space Forces,United States Space Force,Hardcover,3,0,3,18.78,IN (Global Connect)
9781608881628,Halsey's Decision: Organizational Failure at Leyte Gulf,"Brooks, David L.",Paperback,4,0,4,18.76,UK
9781608880980,Finding Meaning in Narnia: A Voyage on the Dawn Treader,"Burkart, Gina",Paperback,2,0,2,18.68,UK
9781934840504,"A Marine of the Imperial Guard: Eyewitness to the French Failure in Spain, 1808","Baste, Pierre",Paperback,2,0,2,18.15,UK
9780977742455,Hypochondriac's Guide to Hoodia Gordonii H 57,"Zimmerman, W. Frederick",Paperback,2,0,2,18.14,US
9781608880492,The EXXON Valdez Oil Spill a Report to the President,"Skinner, Samuel K.",Paperback,2,0,2,18.12,US
9780976540601,Unauthorized Harry Potter and the Deathly Hallows News: Half-Blood Prince Analysis,"Zimmerman, W. Frederick",Paperback,3,0,3,17.65,UK
9781608882380,The Granddaughter Project,"Chishti, Shaheen",Paperback,2,0,2,17.29,US
9780978813826,GLOBALISTAN: An Antidote to THE WORLD IS FLAT,"Escobar, Pepe,",Paperback,1,0,1,17.28,IT (Global Connect)
9781934840092,Borodino: Why It Matters Today,"Zimmerman, W. Frederick",Paperback,3,0,3,17.02,UK
9781608881482,Dictionary of Automatic Ideas: A New Translation Bringing Flaubert into the 21st Century,"Flaubert, Gustave",Hardcover,2,0,2,16.95,UK
9781608880614,Halsey's Decision: Organizational Failure at Leyte Gulf,"Brooks, David L",Hardcover,2,0,2,16.91,US
9781934840047,Our Colorful Moon: Beautiful Images to Energize and Delight,"Zimmerman, W. Frederick",Paperback,2,0,2,16.53,UK
9781608881703,Survival: Training Edition: AF Manual 64-3,United States Air Force,Hardcover,6,0,6,16.5,UK
9781934840689,"The Definitive Illustrated History of the Torpedo Boat, Volume X: Bonus Material and Appendixes","Hinds, Joe",Paperback,2,0,2,16.38,UK
9780979920523,Stellar Atmospheres: A Contribution To The Observational Study Of High Temperature In The Reversing Layers Of Stars,"Payne, Cecilia, H.",Hardcover,2,0,2,16.15,UK
9781934840665,"The Definitive Illustrated History of the Torpedo Boat, Volume VIII: 1944 (the Ship Killers)","Hinds, Joe",Paperback,2,0,2,16.11,UK
9781934840146,"Cool Maps of Indonesia: An Unauthorized View of the Land of EAT, PRAY, LOVE","Zimmerman, W. Frederick",Paperback,2,0,2,16.03,UK
9781608881109,Secrets of the Modern World: Thomas Malthus,"MacFarlane, Alan, Professor",Paperback,1,0,1,15.73,IN (Global Connect)
9780977742479,Unauthorized Harry Potter and the Alchemist's Cell News: Half-Blood Prince Analysis and Speculation,"Zimmerman, W. Frederick",Paperback,2,0,2,15.5,US
9781608881468,United States - Vietnam Relations 1945 - 1967 (The Pentagon Papers) (Volume 4),"Office of the Secretary of Defense,",Hardcover,1,0,1,15.41,UK
9781608881772,Coalition Space Operations: Exploring New Paths For Allied Partnership,"Manuel, Robert, H.",Hardcover,2,0,2,14.87,US
9781608880348,The Russia-Georgia War,"Boufesis, Alexandros Fox",Hardcover,2,0,2,14.63,IN (Global Connect)
9781608880003,Azkatraz 2009: Inside the Cell,"Pyne, Erin A.",Paperback,1,0,1,14.25,UK
9781608880270,Historical Bibliography of Sea Mine Warfare,"Patterson, Andrew",Paperback,2,0,2,13.73,AU
9781608881994,The Great Space Force Debate: A Way Forward From The Past?,"Johnson, Jordan, M.",Hardcover,2,0,2,13.49,US
9781608881314,Command Investigation Concerning Chain Of Command Actions With Regard To COVID-19 Onboard USS Theodore Roosevelt (CVN 71) : Big Sick on the Big Stick: Volume 1,Chief of Naval Operations,Hardcover,3,0,3,12.96,US
9781934840115,Cool Maps of Baghdad: the Emerald City and other cities of Iraq,"Zimmerman, W. Frederick",Paperback,2,0,2,12.95,UK
9781934840894,Index of Oral Histories Relating to Naval Research and Development,"Nowicke, Carole",Hardcover,1,0,1,12.81,UK
9781608880003,Azkatraz 2009: Inside the Cell,"Pyne, Erin A.",Paperback,1,0,1,12.64,US
9781608880423,"Uncharted Waters: Expeditionary Operations and the Naval Component of Union Military Strategy in the Us Civil War, 1861-1862","Canfield, Major Daniel T.",Paperback,1,0,1,12.6,IN (Global Connect)
9781608881642,Empire of Chaos,"Escobar, Pepe",Hardcover,2,0,2,12.5,DE (Global Connect)
9780979920561,State of Washington v. US Food & Drug Administration [Annotated],"Rice, Thomas, O.",Paperback,2,0,2,12.34,US
9780979920561,State of Washington v. US Food & Drug Administration [Annotated],"Rice, Thomas, O.",Paperback,2,0,2,12.34,DE (Global Connect)
9781608881697,2030,"Escobar, Pepe",Hardcover,2,0,2,12.16,AU
9781608881802,Pieces of History: Artifacts of the PT Boat Navy,"Andruss, Frank, J.",Hardcover,1,0,1,12.1,UK
9781608880584,The Essential Saker: from the trenches of the emerging multipolar world,"The Saker,",Hardcover,2,0,2,12.04,IN (Global Connect)
9781608880225,"Operation Sea Lion: A Joint Critical Analysis, Or, How Hitler Could Have Won, If He Were More Joint","McCanne, Lt Col Randy",Paperback,1,0,1,11.81,IN (Global Connect)
9781608881406,Investigation Of Competition In Digital Markets: Majority Staff Report And Recommendations,United States Congress,Hardcover,2,0,2,11.76,IN (Global Connect)
9781608881833,Night Attack by a Soviet Battalion,"Gebhardt, James F.",Paperback,1,0,1,11.46,UK
9781608880317,Freyburg's Failure at Crete: A Close-Run Thing,"Bliss, James",Paperback,1,0,1,11.42,US
9781608881949,Pillars of Russia's Disinformation and Propaganda Ecosystem: Annotated in the AI Lab at NimbleBooks.com,U.S. Department of State,Paperback,1,0,1,11.37,UK
9781608881345,The Mayaguez Incident Omnibus,"Zimmerman, W. Frederick",Hardcover,1,0,1,11.24,UK
9781608882380,The Granddaughter Project,"Chishti, Shaheen",Paperback,1,0,1,11.21,UK
9781608881833,Night Attack by a Soviet Battalion,"Gebhardt, James F.",Paperback,1,0,1,10.83,US
9781934840320,Cool Maps of France's Overseas Territories and Departments,"Zimmerman, W. Frederick",Paperback,1,0,1,10.76,US
9781934840313,Cool Maps of France: Paris and Beyond,"Zimmerman, W. Frederick",Paperback,2,0,2,10.74,UK
9781934840887,Soviet Space Technology: What We Thought We Knew in 1959,Committee on Science and Astronautics,Hardcover,1,0,1,10.7,UK
9781934840849,"Investigation and Review of the Federal Bureau of Prisons' Custody, Care, and Supervision of Jeffrey Epstein at the Metropolitan Correctional Center in New York, New York",Department of Justice,Paperback,1,0,1,10.66,UK
9780975447994,"""The Solomon Key"" and Beyond: DIGITAL FORTRESS, ANGELS & DEMONS, DECEPTION POINT, THE DA VINCI CODE, and more","Zimmerman, W. Frederick",Paperback,4,0,4,10.59,UK
9781608882649,A Modest Proposal: For Preventing Space Operations from Being a Burden to The Navy ...,"Bandini, Paul V",Paperback,1,0,1,10.57,UK
9781608880232,"Sea-Based Airpower - The Decisive Factor in Expeditionary Operations? (Norway, 1940; Falkland Islands, 1982)","Buhl, Willard A.",Paperback,1,0,1,10.56,IN (Global Connect)
9781934840870,The Impact of the USS Forrestal's 1967 Fire on United States Navy Shipboard Damage Control,"Stewart, Henry P.",Paperback,1,0,1,10.5,UK
9781608881086,EP-3E Collision [2001]: Cryptologic Damage Assessment And Incident Review Final Report,EP-3  Cryptologic Assessment Team,Paperback,1,0,1,10.44,UK
9781608880171,Skeeter Uses Manners (Skeeter Sneeter Doodlebop #2),"Smith, C. Michelle",Paperback,1,0,1,10.41,US
9781608880690,Yuri the Lion: Three Stories,"Gerovasiliou, Oreanthy",Paperback,2,0,2,10.4,UK
9781608882649,A Modest Proposal: For Preventing Space Operations from Being a Burden to The Navy ...,"Bandini, Paul V",Paperback,1,0,1,10.39,US
9781934840887,Soviet Space Technology: What We Thought We Knew in 1959,Committee on Science and Astronautics,Hardcover,1,0,1,10.29,US
9781608884087,Football Nomad,"Radakovich, Dan",Hardcover,1,0,1,10.22,UK
9781608880430,Napoleon's Cavalry: A Key Element to Decisive Victory,"Shoffner, Thomas",Paperback,1,0,1,10.16,DE (Global Connect)
9781934840771,Suicide Bombers in CONUS,"Kapusta, Philip E",Paperback,1,0,1,10.08,UK
9781608880362,"Obama's Nuclear Posture Review: Or, We Won't Nuke You Unless You Are a Really Bad Country, or We Change Our Minds","Gates, Robert M.",Paperback,1,0,1,10.04,UK
9781608881390,Current Tactical Orders and Doctrine,"United States Fleet,",Hardcover,1,0,1,9.99,DE (Global Connect)
9781608880928,Torpedo Boat Policy [Torpedo Boat Classics],"Smith, Lt. R.C.",Hardcover,1,0,1,9.98,US
9781608881369,"The National Institutes of Health and EcoHealth Alliance Did Not Effectively Monitor Awards and Subawards, Resulting in Missed Opportunities to Oversee Research and Other Deficiencies, A-05-21-00025","HHS, Office of Inspector General (OIG...",Paperback,1,0,1,9.98,US
9780977742462,Misquotes in MISQUOTING JESUS: Why You Can Still Believe,"Burroughs, Dillon",Paperback,1,0,1,9.96,IN (Global Connect)
9781608881413,Lessons and Conclusions From the History of Navy and Military Doctrinal Development,"Tritten, Dr. James J.",Paperback,1,0,1,9.94,US
9781608882458,State of The Space Industrial Base 2020: A Time for Action to Sustain US Economic & Military Leadership in Space,"Butow, J.",Paperback,1,0,1,9.91,DE (Global Connect)
9781608882335,Raging Twenties: Great Power Politics Meets Techno-Feudalism,"Escobar, Pepe",Hardcover,1,0,1,9.9,BR (Global Connect)
9781608882335,Raging Twenties: Great Power Politics Meets Techno-Feudalism,"Escobar, Pepe",Hardcover,1,0,1,9.9,IN (Global Connect)
9780978813888,A Fandom of Magical Proportions: An Unauthorized History of The Harry Potter Phenomenon,"Pyne, Erin, A.",Paperback,1,0,1,9.9,IT (Global Connect)
9781934840573,Re-Read HARRY POTTER AND THE SORCERER'S STONE Today! An Unauthorized Guide,"Davis, Graeme",Paperback,1,0,1,9.89,IN (Global Connect)
9781608880195,You've Got to Stand for Something: A Guide to Understanding and Restoring America's Founding Principles,"Foy, Andrew",Paperback,3,0,3,9.87,US
9781934840726,Re-read HARRY POTTER AND THE CHAMBER OF SECRETS Today! An Unauthorized Guide,"Davis, Graeme",Paperback,1,0,1,9.82,IN (Global Connect)
9780978813888,A Fandom of Magical Proportions: An Unauthorized History of The Harry Potter Phenomenon,"Pyne, Erin, A.",Paperback,1,0,1,9.82,IN (Global Connect)
9781608881611,Ten Propositions Regarding Air Power,"Meininger, Philip S.",Paperback,1,0,1,9.81,IN (Global Connect)
9781934840535,European USSR Coasts and Landing Zones: [NATO Invasion Options],Joint Army-Navy Intelligence  Cmte,Paperback,1,0,1,9.8,US
9781608881291,Report on Digital Asset Financial Stability Risks and Regulation 2022,"Financial Stability Oversight Council,",Paperback,1,0,1,9.79,IN (Global Connect)
9781608880355,2030,"Escobar, Pepe",Paperback,2,0,2,9.7,BR (Global Connect)
9781934840030,X-47 Unmanned Combat Air Vehicle (UCAV),"Zimmerman, W. Frederick",Paperback,1,0,1,9.68,IN (Global Connect)
9780978813819,The World Is Flat: Not! Cool New World Maps for Kids,"Zimmerman, W. Frederick",Paperback,1,0,1,9.68,IN (Global Connect)
9781934840306,"SSN-23 JIMMY CARTER, U.S. Navy Submarine (Seawolf class)","Zimmerman, W. Frederick",Paperback,1,0,1,9.68,CN (Global Connect)
9781934840313,Cool Maps of France: Paris and Beyond,"Zimmerman, W. Frederick",Paperback,1,0,1,9.68,IN (Global Connect)
9781608881659,Battleship Victory: Principles of Sea Power in the War in the Pacific,"Lundgren, Robert",Hardcover,1,0,1,9.65,DE (Global Connect)
9781608880768,In the Shadow of the Battleship: Considering the Cruisers of World War II,"Worth, Richard",Hardcover,1,0,1,9.6,UK
9781608880515,From Gaza to the Peloponnessian War: Maritime Irregular Warfare,"Sutton, William R.",Paperback,1,0,1,9.58,SP (Global Connect)
9781608880133,"U.S. Patrol Torpedo Boats in World War II, 1939-1945","Connelly, T. Garth",Paperback,1,0,1,9.52,EU
9781608880140,The Young Conservative's Field Guide,"Stransky, Brent",Paperback,1,0,1,9.46,US
9781934840054,"Liveblogging BLACKWATER by Jeremy Scahill: Unauthorized Color Commentary, Maps, and Images","Zimmerman, W. Frederick",Paperback,1,0,1,9.45,UK
9781608880119,THE LOST SYMBOL -- Found: Unauthorized Analysis of Dan Brown's Novel,"Davis, Graeme",Paperback,1,0,1,9.41,IN (Global Connect)
9781608882656,Spies in Space: Reflections On National Reconnaissance And The Manned Orbiting Laboratory,"Homer, Courtney J. V.",Paperback,1,0,1,9.41,UK
9781608881659,Battleship Victory: Principles of Sea Power in the War in the Pacific,"Lundgren, Robert",Hardcover,1,0,1,9.4,PL (Global Connect)
9781608880515,From Gaza to the Peloponnessian War: Maritime Irregular Warfare,"Sutton, William R.",Paperback,1,0,1,9.38,EU
9781608880744,Globalistan: An Antidote to the World Is Flat,"Escobar, Pepe",Hardcover,1,0,1,9.37,BR (Global Connect)
9781608881697,2030,"Escobar, Pepe",Hardcover,1,0,1,9.33,IN (Global Connect)
9781934840573,Re-Read HARRY POTTER AND THE SORCERER'S STONE Today! An Unauthorized Guide,"Davis, Graeme",Paperback,1,0,1,9.33,SP (Global Connect)
9781608882168,Space Doctrine Publication 4-0 Sustainment: Doctrine for Space Forces,United States Space Force,Paperback,1,0,1,9.28,UK
9781608880553,Alien: How Operational Art Devoured Strategy,"Kelly, Justin",Paperback,1,0,1,9.16,IN (Global Connect)
9781608881086,EP-3E Collision [2001]: Cryptologic Damage Assessment And Incident Review Final Report,EP-3  Cryptologic Assessment Team,Paperback,1,0,1,9.13,US
9781608882144,Space Doctrine Publication 3-0 Operations: Doctrine for Space Forces,United States Space Force,Paperback,1,0,1,8.94,UK
9781608882427,State of The Space Industrial Base 2021: Infrastructure & Services for Economic Growth & National Security,"OIson, J.",Paperback,1,0,1,8.94,UK
9781608880751,Brave Just Like Me Keepsake Edition,"Ruff, Kimberly",Hardcover,1,0,1,8.9,UK
9780978813802,"Should Barack Obama Be President? Dreams from My Father, Audacity of Hope, ... Obama in '08?","Zimmerman, W. Frederick",Paperback,1,0,1,8.83,UK
9780978813857,Sandy Berger Should Be In Jail,"Zimmerman, W. Frederick",Paperback,1,0,1,8.82,US
9780975447901,Basic Documents about the Treatment of Detainees at Guantanamo and Abu Ghraib,"Zimmerman, W. Frederick",Paperback,2,-1,1,8.8,US
9781934840863,Strategic Satellite Systems in a Post-Cold-War Environment,Committee on Government Operations,Paperback,1,0,1,8.73,UK
9781608881246,"No-Fly Zones:Strategic, Operational, and Legal Considerations for Congress","Congressional Research Service,",Paperback,1,0,1,8.67,UK
9781608880867,The Collected Papers of Frederic William Maitland (Volume III),"Maitland, Frederic William",Hardcover,1,0,1,8.66,US
9781608881161,Citizen Arianna: The Huffington Post / AOL Merger: Triumph or Tragedy?,"Snow, Dr Nancy",Paperback,1,0,1,8.53,UK
9780978813864,"Bearing the Unbearable: Coping with Infertility and Other Profound Suffering, or What to Do When Taking Charge of Your Fertility Fails","Schulz, Karl A.",Paperback,1,0,1,8.39,UK
9781934840979,Principles of War,"Hapsburg, Archduke Charles von",Paperback,1,0,1,8.3,BR (Global Connect)
9780978813864,"Bearing the Unbearable: Coping with Infertility and Other Profound Suffering, or What to Do When Taking Charge of Your Fertility Fails","Schulz, Karl A.",Paperback,1,0,1,8.28,IN (Global Connect)
9780979920554,Alliance For Hippocratic Medicine v. FDA,"Kacsymaryk, Michael J.",Paperback,1,0,1,8.14,DE (Global Connect)
9781608882632,The NRO At Fifty,"Berkowitz, Bruce",Hardcover,1,0,1,8.14,UK
9781608880881,Spacepower: Doctrine for Space Forces,United States Space Force,Hardcover,1,0,1,8.12,KR (Global Connect)
9781608880591,Report of Operation HighJump: U.S. Navy Antarctic Development Program 1947,U.S. Navy,Hardcover,1,0,1,7.85,DE (Global Connect)
9780977742486,Unauthorized Harry Potter and the Chariots of Light News: Half-Blood Prince Analysis and Speculation,"Zimmerman, W. Frederick",Paperback,1,0,1,7.75,US
9781608880492,The EXXON Valdez Oil Spill a Report to the President,"Skinner, Samuel K.",Paperback,1,0,1,7.72,UK
9781608882120,Space Doctrine Publication 2-0 Intelligence: Doctrine for Space Forces,United States Space Force,Paperback,1,0,1,7.62,UK
9781608881048,Record of Proceedings of THRESHER Inquiry,U. S. Navy,Paperback,1,0,1,7.58,UK
9781608881673,Coast Guard Navigation Standards,United States Coast Guard,Hardcover,1,0,1,7.54,US
9781608880843,The Collected Papers of Frederic William Maitland,"Maitland, Frederic William",Hardcover,1,0,1,7.5,UK
9781608882632,The NRO At Fifty,"Berkowitz, Bruce",Hardcover,1,0,1,7.49,US
9781608880683,"War in Afghanistan: Strategy, Military Operations, and Issues for Congress","Dale, Catherine",Paperback,1,0,1,7.45,UK
9781608882120,Space Doctrine Publication 2-0 Intelligence: Doctrine for Space Forces,United States Space Force,Paperback,1,0,1,7.43,US
9781608882151,Space Doctrine Publication 5-0: Doctrine for Space Forces,United States Space Force,Paperback,1,0,1,7.36,UK
9781608882601,Great Power Competition: Implications for Defense [Annotated]: Issues for Congress,Congressional Research Service,Paperback,1,0,1,7.23,UK
9781608882137,Space Doctrine Publication 3-100: Doctrine for Space Forces,United States Space Force,Paperback,1,0,1,7.11,UK
9781608880447,Chronology of the U.S. Army in World War II,"Williams, Mary H.",Paperback,1,0,1,7.01,US
9781608880713,Light Infantry: A Historical Perspective,"McMichael, Scott R.",Paperback,1,0,1,6.97,UK
9780978813857,Sandy Berger Should Be In Jail,"Zimmerman, W. Frederick",Paperback,1,0,1,6.65,UK
9781608881222,The Beauties of Shakspear,"Dodd, William",Hardcover,1,0,1,6.64,UK
9781608882144,Space Doctrine Publication 3-0 Operations: Doctrine for Space Forces,United States Space Force,Paperback,1,0,1,6.45,US
9781934840764,Tunnel Rats Version 2.0: Fighting and Winning Future War in a Subterranean Environment,"Spillane, Brian T.",Paperback,1,0,1,6.32,UK
9781608880713,Light Infantry: A Historical Perspective,"McMichael, Scott R.",Paperback,1,0,1,6.15,IN (Global Connect)
9781608881994,The Great Space Force Debate: A Way Forward From The Past?,"Johnson, Jordan, M.",Hardcover,1,0,1,6.09,KR (Global Connect)
9781934840108,Napoleon In Moscow: Why It Matters Today,"Zimmerman, W. Frederick",Paperback,1,0,1,6.03,UK
9781608882618,State of The Space Industrial Base 2019: A Time for Action to Sustain US Economic & Military Leadership in Space,"Cooley, T.",Paperback,1,0,1,5.69,UK
9781608882113,Space Doctrine Publication 1-0 Personnel: Doctrine for Space Forces,"United States Space Force,",Paperback,1,0,1,5.53,UK
9781608881550,The Ghosts of Stalingrad:  Why the Airlift Didn't Work,"Akins II, Willard B.",Paperback,1,0,1,5.5,AU
9781608882113,Space Doctrine Publication 1-0 Personnel: Doctrine for Space Forces,"United States Space Force,",Paperback,1,0,1,5.46,DE (Global Connect)
9781608880058,Professor Barrister's Dinosaur Mysteries #1: The Case Of The Truncated Troodon,"Penner, Stephen",Paperback,1,0,1,5.28,UK
9781608880355,2030,"Escobar, Pepe",Paperback,2,0,2,5.12,AU
9781608881734,New Research on the Voynich Manuscript: Proceedings of a Seminar,National Security Agency,Hardcover,1,0,1,5.11,IN (Global Connect)
9781608880355,2030,"Escobar, Pepe",Paperback,1,0,1,5.1,IN (Global Connect)
9781608881062,Brave Just Like Me,"Ruff, Kimberly",Paperback,2,0,2,5,UK
9781608881895,Ten Propositions Regarding Space Power,"Smith, M. V.,",Hardcover,1,0,1,4.95,KR (Global Connect)
9781608881789,History of Gun-Type Artillery-Fired Atomic Projectiles,Sandia National Laboratories,Hardcover,1,0,1,4.77,UK
9781608881895,Ten Propositions Regarding Space Power,"Smith, M. V.,",Hardcover,1,0,1,4.74,UK
9781608889075,A Serendipity Reader on Mindfulness,"Phil 73, Pagekicker Robot",Hardcover,1,0,1,4.7,US
9781608880584,The Essential Saker: from the trenches of the emerging multipolar world,"The Saker,",Hardcover,2,0,2,4,AU
9781608880584,The Essential Saker: from the trenches of the emerging multipolar world,"The Saker,",Hardcover,1,0,1,3.93,EU
9781608880379,"Self-Inflicted Wound Allied Defeat in Crete, May 1941","Kostic, Samuel J.",Paperback,1,0,1,3.87,AU
9781608881666,"Amalgamated International and U.S. Inland Navigation Rules: Amalgamation of the International Regulations for Preventing Collisions at Sea and the U.S. Inland Navigation Rules, their Annexes, and associated Federal regulations",United States Coast Guard,Hardcover,1,0,1,3.26,KR (Global Connect)
9781608880447,Chronology of the U.S. Army in World War II,"Williams, Mary H.",Paperback,1,0,1,3.23,UK
9781608881703,Survival: Training Edition: AF Manual 64-3,United States Air Force,Hardcover,1,0,1,3.19,DE (Global Connect)
9781608880836,Capital Ships of the Imperial Japanese Navy 1868-1945: The Yamato Class and Subsequent Planning,"Lengerer, Hans",Hardcover,1,0,1,3.14,DE (Global Connect)
9781608889372,Japanese battleship Yamato,"<contributor role="" Jellicoe AI<contributor role=""",Ebook,3,0,3,1.92,US (Agency)
9781608889372,Japanese battleship Yamato,"<contributor role="" Jellicoe AI<contributor role=""",Ebook,4,0,4,1.54,US
9781608881659,Battleship Victory: Principles of Sea Power in the War in the Pacific,"Lundgren, Robert",Hardcover,1,0,1,1.44,AU
9781608889389,German battleship Bismarck,"<contributor role="" Jellicoe AI<contributor role=""",Ebook,2,0,2,1.28,US (Agency)
9781608889372,Japanese battleship Yamato,Jellicoe AI,Ebook,2,0,2,0.78,US
9781608889358,HMS Prince of Wales,"<contributor role="" Jellicoe AI<contributor role=""",Ebook,2,0,2,0.76,US
9781608889358,HMS Prince of Wales,Jellicoe AI,Ebook,1,0,1,0.64,UK
9781608889372,Japanese battleship Yamato,Jellicoe AI,Ebook,1,0,1,0.64,UK
9781608889341,Italian battleship Roma,"<contributor role="" Jellicoe AI<contributor role=""",Ebook,1,0,1,0.64,US (Agency)
9781608889358,HMS Prince of Wales,Jellicoe AI,Ebook,1,0,1,0.46,US
9781608880881,Spacepower: Doctrine for Space Forces,United States Space Force,Hardcover,0,0,0,-1.32,